テキスト	概要
ビルド完了　F5で更新を適用	自動リロードの更新準備完了通知
ビルド失敗　コンソールを確認	自動リロードの失敗通知
・{変更内容}	自動リロード通知に列挙するCodex変更概要
[*ビルド更新中：{変更内容}*]	自動リロードのビルド中タイトルバー表示
[*ビルド更新あり：{変更内容}*]	自動リロードの更新準備完了タイトルバー表示
[*ビルド失敗：{変更内容}*]	自動リロードの失敗タイトルバー表示
ダンジョンを掘る魔女	ウィンドウおよび紙芝居タイトル
v0.1.0	タイトル画面のバージョン表示
Press {act:Confirm} to Start	ゲームパッド使用時のタイトル開始案内
Press {act:Confirm} / Click to Start	キーボード・マウス使用時のタイトル開始案内
オプション	タイトル画面・メニュー画面の項目名
クレジット	タイトルメニューの項目名
{戻る操作} 戻る	クレジット画面の操作案内（スクロール操作は非表示）
Esc 戻る	画面を閉じる操作案内
ダンジョンを掘る魔女	クレジットの作品名
制作	クレジットの制作見出し
kagaya	クレジットの制作者名
使用ライブラリ	クレジットのライブラリ見出し
SDL3	クレジットの使用ライブラリ名
Special Thanks	クレジットの謝辞見出し
プレイヤーの皆様	クレジットの謝辞
画面	オプションの画面設定タブ
音量	オプションの音量設定タブ
操作	オプションの操作設定タブ・操作設定表の列見出し
基本	操作設定の基本分類
リング/アイテム	操作設定のリング・アイテム分類
マスター音量	全体音量の項目名
BGM	BGM音量の項目名
SE	効果音量の項目名
表示モード	画面設定の表示モード項目
ウィンドウサイズ	画面設定の解像度項目
明るさ	画面設定の明るさ項目
操作アイコン表示	画面設定の入力アイコン項目
画面揺れ	画面設定の画面揺れ項目
軽量化	画面設定または加工の項目名
VSync	画面設定の垂直同期項目
ウィンドウ	表示モードの設定値
フルスクリーン	表示モードの設定値
なし	未設定・効果なしなどの表示値
弱め	画面揺れの設定値
標準	画面揺れなどの設定値
自動	操作アイコンの設定値
キーボード	操作アイコンの設定値
ゲームパッド	操作アイコンの設定値
ON	設定の有効状態
OFF	設定の無効状態
未設定	操作割当がない状態
ゲーム全体の音量だよ　BGMとSEの両方にまとめて反映されるよ	全体音量の説明
BGMの音量	BGM音量の説明
効果音の音量	効果音量の説明
ウィンドウ表示とフルスクリーン表示を切り替えるよ	表示モードの説明
ウィンドウ時の画面サイズだよ	ウィンドウサイズの説明
画面全体の明るさを調整できるよ	明るさ設定の説明
操作アイコンの表示形式をキーボード・ゲームパッドから選ぼう　「自動」では最後に使った入力機器に合わせて切り替えるよ	操作アイコン設定の説明
被弾やボス演出などの画面揺れ演出の強さだよ	画面揺れ設定の説明
ONにすると光・暗幕・影・エフェクト・粒子数などを制限して、画面負荷を下げるよ	軽量化設定の説明
モニターの更新タイミングに描画を合わせる設定　ONにすると画面の裂けを抑えるけど、入力遅延やFPSに影響することがあるよ	VSync設定の説明
左へ移動／選択	操作設定の項目名
右へ移動／選択	操作設定の項目名
上へ移動／選択	操作設定の項目名
下へ移動／選択	操作設定の項目名
決定	操作設定または数量入力の決定ボタン
戻る	各種画面の戻るボタン
メニュー	操作設定の項目名
アイテム画面を開く	操作設定の項目名
オプション（タイトル画面）	操作設定の項目名
クレジット（タイトル画面）	操作設定の項目名
リングを投げる	操作設定の項目名
リングずらし	操作設定の項目名
リングずらし：左	操作設定の項目名
リングずらし：右	操作設定の項目名
リングずらし：上	操作設定の項目名
リングずらし：下	操作設定の項目名
選択アイテム使用	操作設定の項目名
リングへ入れる	操作設定の項目名
つかむ/置く	操作設定の項目名
並び替え	操作設定の項目名
サブ操作	操作設定の項目名
前へ切替	操作設定の項目名
次へ切替	操作設定の項目名
フルスクリーン切替	操作設定の項目名
アイテム保護切替	操作設定の項目名
プレイヤーの移動やカーソル移動	左移動操作の説明
プレイヤーの移動やカーソル移動	右移動操作の説明
プレイヤーの移動やカーソル移動	上移動操作の説明
プレイヤーの移動やカーソル移動	下移動操作の説明
決定したり、調べたり、話しかけたり	決定操作の説明
現在の画面を戻る、または操作をキャンセル	戻る操作の説明
メニューを開く	メニュー操作の説明
アイテム画面を直接開く	アイテム画面操作の説明
タイトル画面でオプションを開く	オプション操作の説明
タイトル画面でクレジットを開く	クレジット操作の説明
リング投げを発動する	リング投げ操作の説明
マウス右ボタンのドラッグまたはゲームパッドの右スティックで、リング中心をずらす固定操作	リングずらし操作の説明
リング中心を左へずらす	リング左移動操作の説明
リング中心を右へずらす	リング右移動操作の説明
リング中心を上へずらす	リング上移動操作の説明
リング中心を下へずらす	リング下移動操作の説明
ショートカットやアイテム画面で、選択中のアイテムを使う	アイテム使用操作の説明
選択中のアイテムをリングへ入れる	リング配置操作の説明
アイテム画面やリング画面で、アイテムをつかむ/置く	つかむ・置く操作の説明
アイテムやリング上の配置を整列・並び替えする	整列操作の説明
方向入力との組み合わせでアイテムショートカットを操作し、リング操作では全部外すなどのサブ操作を行う	サブ操作の説明
リング・分類・対象・行き先・ページなどを前へ切り替える	前切替操作の説明
リング・分類・対象・行き先・ページなどを次へ切り替える	次切替操作の説明
ウィンドウ表示とフルスクリーン表示を切り替える	フルスクリーン切替操作の説明
アイテムの保護ON/OFFを切り替える	保護切替操作の説明
キーボード/マウス	操作設定表の列見出し
操作割当の変更	操作割当ダイアログの見出し
×クリックで中止	操作割当ダイアログのマウス中止案内
B / ○を１秒長押しで中止	操作割当ダイアログのゲームパッド中止案内
ゲームパッドのボタンまたはスティック/トリガーを入力してね	ゲームパッド割当の詳細案内
キーまたはマウスボタンを入力してね	キーボード・マウス割当の詳細案内
この項目は変更できません	固定操作の変更不可ダイアログ
この入力は同じ場面で使う別の操作に割り当て済みだよ\n既存の割当を外して変更する？	同じ入力場面での操作割当競合の確認（変更）
この入力は同じ場面で使う別の操作に割り当て済みだよ\n既存の割当を外して追加する？	同じ入力場面での操作割当競合の確認（追加）
競合する操作: {操作名}	同じ入力場面で競合する操作の表示
操作割当の確認	操作割当確認ダイアログのタイトル
変更	操作割当確認の実行ボタン
変更	操作割当コマンド
削除	操作割当コマンド
初期化	操作割当コマンド
全初期化	操作設定の全初期化ボタン
全初期化	音量設定の全初期化ボタン
全初期化	画面設定の全初期化ボタン
初期化の確認	設定初期化確認のタイトル
すべての操作割当を初期状態に戻す？	操作設定初期化の確認文
初期化	設定初期化の実行ボタン
{決定操作} 割当操作  {戻る操作} 戻る  {前後切替操作} 設定切替	操作設定画面の操作案内
{戻る操作} 戻る  {前後切替操作} 設定切替	音量設定画面の操作案内
{決定操作} 切替  {戻る操作} 戻る  {前後切替操作} 設定切替	画面設定画面の操作案内
ステータス	メニューの項目名
アイテム	メニュー・各種汎用項目名
リング	メニュー・リング画面の項目名
ゲーム終了	メニューの項目名
MENU	メニューのタイトル
{決定操作} 決定  {戻る操作} 戻る	メニュー共通の操作案内
{戻る操作} 戻る	ステータス画面の操作案内
見習い魔女 ルネ	ステータス画面のプレイヤー見出し
所持金 {金額}G	ステータス画面の所持金表示
強化素材	ステータス画面の素材見出し
スペルリング	ステータス画面のリング見出し
アイテム %02d/%02d	リング装着数の表示
重量 %.1f/%.1fkg	リング重量の表示
所持数 %d/%d	アイテム取得通知の所持数表示
アイテムを入手した	通常アイテム取得通知のタイトル
はじめて入手した！	初取得通知のタイトル
お礼をもらった！	ダンジョンイベント報酬通知のタイトル
魔女からのお礼	ダンジョンイベント報酬通知の説明
素材	報酬通知の素材種別
お金	報酬通知またはHUDの所持金種別
古木の建材	素材名
強化鉱石	素材名
月のカケラ	素材名
魔力のしずく	素材名
アイテムなし	アイテム画面の空状態
アイテムなし	アイテム画面の空状態
アイテム未選択	アイテム画面の未選択状態
アイテム未選択	リング・拠点画面の未選択状態
個体アイテム未選択	個体アイテム操作の未選択状態
ショートカット空き	空のショートカット状態
並び替えました	アイテム並び替え完了
並び替え	アイテム並び替えボタン
{決定操作} 決定  {戻る操作} 戻る  {リング配置操作} リングへ  {保護操作} 保護  {移動操作} つかむ/置く  {整列操作} 並び替え	アイテム画面の操作案内
装備する	杖などの装備コマンド
使用する	アイテム使用コマンド
外す	杖装備解除コマンド
リングへ	アイテムをリングへ入れるコマンド
捨てる	アイテム破棄コマンド
保護	アイテム保護コマンド・ラベル
保護を解除	アイテム保護解除コマンド
保護中	保護されたアイテムの状態
保護ON	保護を有効にした状態
保護OFF	保護を無効にした状態
確認	ゲーム終了・アイテム破棄などの汎用確認タイトル
{アイテム名}を捨てる？	アイテム破棄の確認文
（捨てたアイテムは再入手できないよ）	アイテム破棄の注意書き
捨てた: {アイテム名}	アイテム破棄完了の状態表示
重要アイテムは捨てられないよ	重要アイテム破棄のエラー
保護中のアイテムは捨てられないよ	保護アイテム破棄のエラー
装備中の杖は捨てられないよ	装備中の杖破棄のエラー
捨てられないよ	アイテム破棄の汎用エラー
つかみ中	アイテムをつかんでいる状態
入れ替え	アイテム入れ替えの状態表示
配置	アイテム配置の状態表示
配置できないよ	アイテム配置のエラー
つかみ中は使用できないよ	つかみ中の使用エラー
つかみ中はリング移動できないよ	つかみ中のリング移動エラー
つかみ中は装備変更できないよ	つかみ中の装備変更エラー
つかみ中は保護変更できないよ	つかみ中の保護変更エラー
つかみ中は捨てられないよ	つかみ中の破棄エラー
つかみ中は配置してください	つかみ状態で画面を戻る際の案内
個体アイテムのみ保護できます	保護対象外のエラー
インベントリ満杯	インベントリ満杯の状態
リュックがいっぱいだよ	リュック満杯の状態
リュックにないよ	対象アイテム不在の状態
壊れています	破損アイテムの状態
杖は装備用だよ	杖の通常使用エラー
通常効果なし	使用効果がない状態
未実装効果	使用効果未実装の状態
体力は満タン	回復アイテム使用不可の状態
使用: {アイテム名}	アイテム使用完了の状態表示
杖を装備していないよ	杖装備解除時のエラー
杖を外したよ	杖装備解除完了
杖ではないよ	杖以外を装備しようとしたエラー
壊れた杖は装備できないよ	破損した杖の装備エラー
リングから外してから装備してください	リング上の杖の装備エラー
杖を装備したよ: {アイテム名}	杖装備完了の状態表示
杖がないよ	杖アイテム不在の状態
装備中の杖はリングに乗せられないよ	装備中の杖をリングへ置く際のエラー
リング満杯	リングの空き不足
リングへ配置できないよ	リング配置の汎用エラー
リングに追加: {アイテム名}	リング配置完了の状態表示
{リング名}へ配置できないよ	指定リングへの配置エラー
{リング名}満杯	指定リングの空き不足
{リング名}に追加: {アイテム名}	指定リングへの配置完了
壊れた	破損アイテム名の接頭辞
軽	軽量化済みアイテムのバッジ
大	大型化済みアイテムのバッジ
強化	アイテム詳細の強化見出し
分類	アイテム詳細の分類ラベル
耐久力	アイテム詳細の耐久力ラベル
重量	アイテム・リング詳細の重量ラベル
壊れない	壊れないアイテムの耐久表示
装備時効果	アイテム詳細の装備効果見出し
使用時の効果	アイテム詳細の使用効果見出し
リングに乗せたときの効果	アイテム詳細のリング効果見出し
速度	装備効果・リング詳細の速度項目
半径	装備効果・リング詳細の半径項目
重量上限	装備効果の重量上限項目
ずらし距離	装備効果のリングずらし距離項目
投げ距離	装備効果のリング投げ距離項目
投げ速度	装備効果のリング投げ速度項目
投げクールダウン	装備効果のリング投げ再使用時間項目
戻り速度	装備効果のリング帰還速度項目
最終出力	装備効果の出力項目
アンカー	装備効果のアンカー項目
速度ダメージ	装備効果の速度ダメージ項目
照明半径	装備効果の照明範囲項目
探知範囲	装備効果の探知範囲項目
防御範囲	装備効果の防御範囲項目
反射威力	装備効果の反射威力項目
反射確率	装備効果の反射確率項目
過積載停止	装備効果の過積載停止項目
掘削力	アイテム・装備効果の掘削力項目
耐久消費	装備効果の耐久消費項目
売却価格	装備効果の売却価格項目
お金表示Lv	装備効果のお金表示レベル項目
危険ヒントLv	装備効果の危険ヒントレベル項目
未実装の装備効果: {効果名}	未対応装備効果の表示
リング配置	リング管理画面の見出し
{リング名}	リング詳細のタイトル
形状	リング詳細の形状ラベル
装着	リング詳細の装着数ラベル
状態	リング詳細・加工詳細・加工プレビューの項目名
重量余裕あり	リング重量の状態
重量あと少し	リング重量の状態
重量いっぱい	リング重量の状態
重量オーバー	リング重量超過の状態
超重量オーバー	リング重量大幅超過の状態
リング停止中	重量超過によるリング停止状態
リング速度 ×%.2f倍	リング速度倍率の表示
アイテムを配置	リングコマンド
位置を移動	リングコマンド
リングから外す	リングコマンド
アイテム配置	リングへの配置画面タイトル
{決定操作} 配置  {戻る操作} 戻る	リングへの配置画面の操作案内
配置できるアイテムがないよ	リング配置候補なしの状態
過積載限界のため配置できないよ	リング過積載限界のエラー
この位置には配置できないよ	リング配置位置のエラー
外せるアイテムがないよ	リング解除対象なしの状態
インベントリ満杯のため外せないよ	リング解除時の空き不足
外せるアイテムをすべて戻したよ	リング一括解除完了
空き枠分だけ重い順に{個数}個戻したよ	リング一括解除の一部完了
このアイテムは外せないよ	リング解除不可の状態
インベントリへ戻したよ	リング解除完了
このアイテムは捨てられないよ	リング上アイテムの破棄不可
移動モード	リング配置の移動状態
配置をキャンセルしたよ	リング配置キャンセル
このアイテムは配置できないよ	リング配置不可の状態
リングに配置したよ	リング配置完了
移動をキャンセルしたよ	リング移動キャンセル
位置を確定したよ	リング配置位置の確定
その位置には移動できないよ	リング移動位置のエラー
等間隔に整列したよ	リング整列完了
アイテム未配置だよ	リングが空の状態
ドラッグをキャンセルしたよ	リングドラッグキャンセル
近い空き位置へ補正したよ	リング配置位置の自動補正
近くに空きがないため元の位置へ戻したよ	リング配置位置補正の失敗
移動中: {アイテム名}	リング配置移動中の表示
{決定操作} 確定  {戻る操作} キャンセル	リング位置調整の操作案内（位置変更操作は非表示）
{決定操作} コマンド  {戻る操作} 戻る  {前後切替操作} リング切替  {移動操作} 移動  {整列操作} 並び替え  {リング配置操作} 外す  {一括解除操作} 全部外す  {保護操作} 保護	リング管理画面の操作案内
プリセット{番号}を呼び出したよ	リングプリセット呼出完了
配置 {個数}	リングプリセットの配置数
不足 {個数}	リングプリセットの不足数
配置不可 {個数}	リングプリセットの配置不可数
プリセット{番号}は未登録だよ	リングプリセット未登録の状態
リングプリセットは未解禁だよ	リングプリセット未解禁の状態
プリセット{番号}は未解禁だよ	指定プリセット未解禁の状態
プリセット登録に失敗したよ	リングプリセット登録失敗
プリセット{番号}に登録したよ	リングプリセット登録完了
リュックがいっぱいでリングを入れ替えられないよ	プリセット呼出時の空き不足
リュックのアイテムを移動できなかったよ	プリセット呼出時の移動失敗
魔女の拠点	拠点のエリア名・画面タイトル
ルネの家	自宅のエリア名・画面タイトル
拠点	拠点の汎用エリア名
ダンジョン入口	拠点施設・メニュー項目名
収納箱	拠点施設・保存先名
商人ワゴン	拠点施設名
拠点強化炉	拠点施設名
作業台	拠点施設名
本棚	拠点施設名
日記	拠点施設名
リング工房	拠点施設名
商人	拠点NPC名
加工職人	拠点NPC名
モニカ	拠点NPC名・通信の話者名
村長	拠点NPC名
屋外へ戻る出口	自宅内施設名
ベッド	自宅内施設名
ルネの家の入口	拠点施設名
{決定操作} 決定  {戻る操作} 戻る	拠点施設メニューの操作案内
{決定操作} 決定  {戻る操作} 戻る  {前後切替操作} 行き先切替	複数の行き先があるダンジョン入口の操作案内
{決定操作} 決定  {戻る操作} 戻る  {前後切替操作} リング切替	複数リング解禁時のリング工房の操作案内
{決定操作} 決定  {戻る操作} 戻る	リングが1本だけのリング工房の操作案内
{操作案内}  {前後切替操作} 対象切替	収納箱・商人・作業台で切替先が複数ある場合の操作案内
{操作案内}  {前後切替操作} ページ切替	収納箱の取り出しページが複数ある場合の操作案内
{決定操作} 近くの施設を調べる  {メニュー操作} メニュー	拠点移動の操作案内
{決定操作} {施設名}を調べる  {メニュー操作} メニュー	拠点施設の調査案内
{決定操作} {人物名}と話す  {メニュー操作} メニュー	拠点NPCの会話案内
{決定操作} {施設名}に入る  {メニュー操作} メニュー	拠点施設への入場案内
{決定操作} 屋外へ戻る  {メニュー操作} メニュー	自宅から屋外へ戻る案内
近くまで移動してください	拠点施設が遠い場合の案内
ルネの家に入りました	自宅入場の状態表示
魔女の拠点に戻りました	自宅・ダンジョンから拠点へ戻った状態表示
行き先	ダンジョン入口の行先見出し
出発	ダンジョン出発ボタン
どこから採掘を開始する？	ダンジョン開始地点の質問
入口	ダンジョン開始地点の選択肢
ワープポイント	ダンジョン開始地点の選択肢
ダンジョンを再生成する	ダンジョン開始方法の選択肢
入口から出発	入口開始の説明
ワープポイントを解放すると可能	ワープ開始未解禁の説明
解放済み地点から選んで出発	ワープ開始の説明
全ワープ解放とクリア後に可能	再生成未解禁の説明
地形・敵・宝箱・ワープ配置を作り直す	ダンジョン再生成の説明
ワープポイント選択	ワープ開始地点選択のタイトル
{決定操作} 出発  {戻る操作} 戻る	ワープ開始地点選択の操作案内
どのワープポイントにする？	ワープ開始地点選択の質問
解放済みワープポイントがないよ	ワープ開始地点なしの状態
ワープ%d（%dm）	ワープ開始地点の表示
再生成確認	ダンジョン再生成確認のタイトル
現在の坑道状態を破棄して、地形・敵・宝箱・ワープポイントを作り直します。\n拾っていないドロップがある場合は消えます。\nボス再戦用に地形も作り直します。	ダンジョン再生成の注意書き
再生成する	ダンジョン再生成の実行ボタン
出発確認	ダンジョン出発確認のタイトル
はい	汎用確認の肯定ボタン
いいえ	汎用確認の否定ボタン
壊れたアイテムがリングに乗ってるよ　このまま出発する？	破損アイテム装着時の出発確認
このダンジョンはローグライクダンジョンだよ	ローグライク出発確認の説明
以下の特殊ルールが設定されています	ローグライク出発確認の見出し
出発する？	ローグライク出発確認の質問
アイテムや装備の持ち込み不可	ローグライク特殊ルール
ルネのレベルは1からスタート	ローグライク特殊ルール
ダンジョン内には様々なアイテムが出現するが、今まで入手したことのないアイテムは出現しない	ローグライク特殊ルール
アイテムにおいて未発見の「リングに乗せた時の効果」が発動しても、発見したことにならない	ローグライク特殊ルール
アイテム「虫眼鏡」は登場しない	ローグライク特殊ルール
今までアイテム「虫取りアミ」で捕獲したことがない敵は、本ダンジョン内で捕獲することができない	ローグライク特殊ルール
本ダンジョン内で得たものは、帰還に成功しない限りすべて失う	ローグライク特殊ルール
入るたび姿を変える底なしの迷宮\n持ち込み不可で、初期ステータスから奥を目指す	ローグライクダンジョンの固定説明
採掘しながら奥へ進むダンジョン\nワープポイントを見つけると次回以降の出発地点にできる	通常ダンジョンの固定説明
難易度	ステージ詳細の項目名
広さ	ステージ詳細の項目名
壁の固さ	ステージ詳細の項目名
地形	ステージ詳細の項目名
出現する敵	ステージ詳細の見出し
ワープ	ステージ詳細の項目名
不明	未確認情報の表示値
むずかしい	ステージ難易度の表示値
ふつう	ステージ難易度の表示値
やさしい	ステージ難易度の表示値
底なし	ステージの広さ表示
かなり広い	ステージの広さ表示
広い	ステージの広さ表示
広くない	ステージの広さ表示
かため	壁の固さ表示
やわらかめ	壁の固さ表示
複雑	地形の複雑さ表示
少し	地形の複雑さ表示
そこまで	地形の複雑さ表示
不可思議の迷宮踏破エンド	本棚のエンディング項目名
アイテム図鑑	本棚・日記の項目名
モンスター図鑑	本棚・日記の項目名
エンディングを見る	本棚の項目名
エンド1	エンディング項目名
図鑑コンプリートエンド	エンディング項目名
エンディング	本棚のエンディング分類
何を見ますか？	本棚メニューの質問
{戻る操作} 戻る	図鑑一覧画面の操作案内
%d/%d 記録	図鑑の記録数表示
完成度 %d%%	図鑑の完成度表示
記録対象がないよ	図鑑対象なしの状態
未発見	図鑑の未発見状態
発見済み	図鑑の発見済み状態
入手済み	図鑑の入手済み状態
リング装備済み	図鑑の進行状態
効果発動済み	図鑑の進行状態
完全確認済み	図鑑の完全確認状態
攻撃力	図鑑・加工詳細の項目名
移動速度	モンスター図鑑の項目名
？？？	未確認値の表示
虫眼鏡で観察すると詳細が記録されるよ	モンスター図鑑の観察案内
報酬	モンスター図鑑の項目名
捕獲難易度	モンスター図鑑の項目名
敵未選択	モンスター図鑑の未選択見出し
敵を選択してね	モンスター図鑑の選択案内
売値	アイテム詳細の売値ラベル
売却不可	売却できない状態
未入手	未発見アイテムの説明
アイテムを選択してね	アイテム図鑑の選択案内
記録なし	日記の記録なし表示
進行	日記の進行見出し
ストーリークリア	日記の進行状態
ルネ	日記のプレイヤー名ラベル
プレイ時間	日記のプレイ時間ラベル
保存する？	日記のセーブ確認
保存	日記のセーブ実行ボタン
もう一度試すか、戻ってください	セーブ失敗時の案内
再試行	セーブ再試行ボタン
保存したよ	日記のセーブ完了表示
閉じる	結果ダイアログを閉じるボタン
保存先作成に失敗	セーブ先作成エラー
セーブ失敗	セーブ処理エラー
セーブ書込に失敗	セーブ書込エラー
セーブしたよ	セーブ完了の状態表示
セーブ読込完了	起動時のセーブ読込完了通知
データ読込完了	起動時のデータ読込完了通知
ローカルデータ読込完了	ローカルデータ読込完了通知
データ読込失敗	データ読込失敗通知
シートデータ読込完了	シート接続時のデータ読込完了通知
シートデータ読込失敗	シート接続時のデータ読込失敗通知
採掘状態を初期化中	ダンジョン構築の進行表示
画面状態を整理中	ダンジョン構築の進行表示
ラン情報を初期化中	ダンジョン構築の進行表示
ダンジョン形状を生成中	ダンジョン構築の進行表示
ワープポイントを配置中	ダンジョン構築の進行表示
月のカケラを配置中	ダンジョン構築の進行表示
報酬を配置中	ダンジョン構築の進行表示
宝箱を配置中	ダンジョン構築の進行表示
木箱を配置中	ダンジョン構築の進行表示
敵の配置を準備中	ダンジョン構築の進行表示
スペルリングを準備中	ダンジョン構築の進行表示
入口を読み込み中	ダンジョン構築の進行表示
採掘へ移行中	ダンジョン構築の進行表示
完了	処理完了の進行表示
採掘準備中	ダンジョン構築の進行表示
旅商人	ローグライク施設名
旅の加工職人	ローグライク施設名
修練者	ローグライク施設名
施設	ローグライク施設の汎用名
{決定操作} 調べる	ローグライク施設の操作案内
旅商人 購入	野良商人の購入画面タイトル
旅商人 売却	野良商人の売却画面タイトル
商人ワゴン 購入	商人の購入画面タイトル
商人ワゴン 売却	商人の売却画面タイトル
何を見ていくんだい？	商人メニューの質問
買う	商人の購入コマンド
売る	商人の売却コマンド
買う個数	購入数量選択のタイトル
売る個数	売却数量選択のタイトル
まとめて売る	商人の一括売却コマンド
全選択	一括操作の全選択ボタン
全解除	一括操作の全解除ボタン
商品がないよ	商人の商品なし表示
価格	商人の商品価格ラベル
在庫	商人の商品在庫ラベル
高価買取中!	商人の高価買取表示
売却できないよ	商人の売却不可説明
売却対象がないよ	売却対象なしの状態
売れないよ	売却不可の状態
売却したよ	売却完了の状態
売却するアイテムが選択されていないよ	一括売却の未選択状態
売却内容が変わりました	一括売却対象の変更通知
まとめ売りに失敗したよ	一括売却失敗
{個数}個を{価格}円で売却した	一括売却完了
購入できる商品がないよ	購入商品なしの状態
商品データがないよ	商品データなしの状態
品切れだよ	商品品切れの状態
所持金が足りないよ	購入・強化時の所持金不足
購入したよ（品切れ）	最後の在庫を購入した状態
購入したよ	購入完了の状態
まとめ売り	一括売却確認のタイトル
{個数}個のアイテムをまとめて売る？\n{価格}円になります	一括売却の確認文
キャンセル	確認ダイアログのキャンセルボタン
収納箱にしまう	収納画面のタイトル
収納箱から取り出す	取り出し画面のタイトル
収納箱 一括操作	収納箱の一括操作画面タイトル
収納数：%d/%d	収納箱の使用数表示
しまう	収納コマンド
取り出す	取り出しコマンド
一括操作	収納箱の一括操作コマンド
リュックを全部しまう	収納箱の全収納コマンド
プリセット1を準備	収納箱からプリセットを準備するコマンド
プリセット2を準備	収納箱からプリセットを準備するコマンド
プリセット3を準備	収納箱からプリセットを準備するコマンド
収納箱 %d/%d	収納箱の使用数表示
{個数}個選択中	一括操作の選択数表示
（収納枠 +{枠数}）	一括収納の必要枠表示
（リュック枠 +{枠数}）	一括取り出しの必要枠表示
（あと{枠数}枠必要）	一括操作の不足枠表示
まとめてしまう	一括収納コマンド・確認タイトル
まとめて取り出す	一括取り出しコマンド・確認タイトル
収納不可	収納できないアイテムの表示
このアイテムは収納箱にしまえないよ	収納不可アイテムの説明
収納箱は空だよ	収納箱の空状態
収納箱を並び替えました	収納箱の並び替え完了
しまうアイテムが選択されていないよ	一括収納の未選択状態
収納箱の空きがあと{枠数}枠必要だよ	一括収納の空き不足
収納内容が変わりました	一括収納対象の変更通知
{個数}個を収納箱にしまいました	一括収納完了
しまうアイテムがないよ	収納対象なしの状態
収納箱がいっぱいだよ	収納箱満杯の状態
しまえなかったよ	収納失敗の状態
収納箱にしまいました	収納完了の状態
装備中の杖はしまえないよ	装備中の杖の収納エラー
このアイテムはしまえないよ	収納不可の状態
取り出すアイテムがないよ	取り出し対象なしの状態
リュックに取り出したよ	取り出し完了の状態
取り出すアイテムが選択されていないよ	一括取り出しの未選択状態
リュックの空きがあと{枠数}枠必要だよ	一括取り出しの空き不足
取り出す内容が変わりました	一括取り出し対象の変更通知
取り出せないアイテムが含まれています	一括取り出しの対象エラー
{個数}個をリュックに取り出したよ	一括取り出し完了
装備中の杖以外にしまう物がないよ	全収納時の対象なし状態
{個数}個しまいました	全収納の完了状態
満杯で{個数}個残りました	全収納時の未収納数
装備中の杖は残したよ	全収納時の除外通知
プリセット{番号}の必要アイテムは手元にあります	プリセット準備済みの状態
プリセット{番号}の不足分は収納箱にないよ	プリセット不足アイテムなしの状態
プリセット{番号}ぶんを{個数}個取り出したよ	プリセット用アイテム取り出し完了
収納箱になし {個数}	プリセット準備の不足数
リュック満杯 {個数}	プリセット準備の空き不足数
取り出せず {個数}	プリセット準備の失敗数
{個数}個のアイテムをまとめてしまいますか？\n収納箱 {使用数}/{容量}	一括収納の確認文
{個数}個のアイテムをまとめて取り出す？\nリュック {使用数}/{容量}	一括取り出しの確認文
まとめ収納の選択を解除したよ	一括収納選択の解除通知
まとめ取り出しの選択を解除したよ	一括取り出し選択の解除通知
作業台で何をする？	作業台メニューの質問
一括修理	作業台の一括修理コマンド
一括修理: 対象%d個 / %dG / 強化鉱石×%d	一括修理の費用表示
修理	加工モード名
攻撃力強化	加工モード名
掘削力強化	加工モード名
耐久力強化	加工モード名
強化リセット	加工モード名
大型化	加工モード名
修理する	加工確認の実行ボタン
リセットする	加工確認の実行ボタン
加工する	加工確認の実行ボタン
強化する	強化確認の実行ボタン
実行する	加工確認の汎用実行ボタン
必要素材	加工・強化詳細の見出し
加工対象がないよ	加工対象なしの状態
加工するアイテムを選択してね	加工対象の選択案内
耐久力: 壊れない	加工前後の耐久表示
耐久力: %d/%d → %d/%d	修理前後の耐久表示
{アイテム名}を修理したよ	修理完了の結果文
状態: 破損 → 通常	修理による状態変化
{アイテム名}を強化したよ	個体強化完了の結果文
強化Lv	加工結果の強化レベル項目
抑制力	加工結果の抑制力項目
最大耐久力	加工結果の最大耐久力項目
{アイテム名}の強化をリセットしたよ	強化リセット完了の結果文
耐久補正	加工結果の耐久補正項目
軽量化したよ	軽量化完了の結果文
大型化したよ	大型化完了の結果文
大きさ	加工結果の大きさ項目
修理が必要なアイテムはないよ	一括修理対象なしの状態
強化鉱石が足りないよ	加工・強化時の素材不足
{個数}個のアイテムを修理したよ	一括修理完了の結果文
費用: {金額}G / 強化鉱石 x{個数}	一括修理の費用結果
一括修理完了	一括修理結果のタイトル
破損	加工プレビューの状態値
通常	加工・強化機能の通常状態
攻撃力補正	加工プレビューの項目名
掘削力補正	加工プレビューの項目名
耐久力補正	加工プレビューの項目名
合計強化回数	加工プレビューの項目名
{アイテム名}を修理する？	修理の確認文
{アイテム名}の強化をリセットする？	強化リセットの確認文
{アイテム名}を軽量化する？	軽量化の確認文
{アイテム名}を大型化する？	大型化の確認文
{アイテム名}を強化する？	個体強化の確認文
{アイテム名}に作業を行う？	加工の汎用確認文
この作業は未解禁だよ	加工機能の未解禁状態
この作業はできないよ	加工不可の状態
リセット不要だよ	強化リセット不要の状態
加工済みだよ	加工済みの状態
修理不要だよ	修理不要の状態
強化上限だよ	強化上限の状態
加工できないよ	加工失敗の状態
作業完了	加工結果のタイトル
このアイテムにできる作業がないよ	加工コマンドなしの状態
拠点の強化	拠点強化炉の分類見出し
ルネの強化	拠点強化炉の分類見出し
収納箱容量強化	拠点強化項目名
商人機能強化	拠点強化項目名
作業台機能解禁	拠点強化項目名
リング工房解禁	拠点強化項目名
最大HPアップ	拠点強化項目名
リング半径アップ	拠点強化項目名
リング速度アップ	拠点強化項目名
吸引強化	拠点強化項目名
リングプリセット解禁	拠点強化項目名
収納箱に保管できるアイテム数を増やすよ	収納箱容量強化の説明
商人ワゴンの商品枠や買取機能を強化するよ	商人機能強化の説明
作業台で扱える加工の種類を増やしたり、加工費用を割引したりするよ	作業台機能強化の説明
リング工房を拠点に建てるよ　リングの個別の調整や強化が可能になるよ	リング工房解禁の説明
ルネの最大HPを増やすよ	最大HP強化の説明
すべてのスペルリングの半径を増やすよ	リング半径強化の説明
すべてのスペルリングのアイテム回転速度を増やすよ	リング速度強化の説明
近くのアイテムをルネへ引き寄せる範囲を広げるよ	吸引強化の説明
リングプリセットを解禁するよ　リングのアイテム配置を保存・呼び出しできるようになるよ	リングプリセット解禁の説明
この強化枠は未実装だよ	未実装強化項目の状態
強化完了	拠点・リング強化結果のタイトル
リング工房を建設したよ	リング工房解禁の結果文
リング工房はまだ解禁されていないよ	リング工房未解禁の状態
リング工房: まだ解禁されていないよ	リング工房に入れない状態
何を調整する？	リング工房メニューの質問
リング強化	リング工房の機能名
レベルアップ配分調整	リング工房の機能名
半径調整	リング工房の調整項目
リング半径の上限強化	リング工房の強化項目
リング半径の下限強化	リング工房の強化項目
リング速度強化	リング工房の強化項目
リング重量制限強化	リング工房の強化項目
ずらし距離強化	リング工房の強化項目
リング投げ距離強化	リング工房の強化項目
リング投げクールダウン短縮	リング工房の強化項目
リング重量ペナルティ軽減	リング工房の強化項目
リングアイテム数増加	リング工房の強化項目
リング半径の上限を広げるよ	リング半径上限強化の説明
リング半径の下限を下げるよ	リング半径下限強化の説明
リングのアイテムの回転速度をあげるよ	リング速度強化の説明
リングの重量制限を増やすよ	リング重量制限強化の説明
リングずらしのずらす距離を伸ばすよ	リングずらし距離強化の説明
リング投げの飛距離を伸ばすよ	リング投げ距離強化の説明
リング投げの再使用までの時間を短くするよ	リング投げクールダウン強化の説明
リングのアイテムが重量制限を超えたときに、回転速度が遅くなるのを軽減するよ	リング重量ペナルティ軽減の説明
リングにのせられるアイテム数の上限を増やすよ	リング装着枠強化の説明
合計強化点 %d	リング強化ポイントの合計表示
再調整確定	リング強化再配分の確定ボタン
対象	強化詳細の対象ラベル
現在	強化詳細の現在値ラベル
配分案	リング強化再配分案のラベル
移動元	リング強化再配分元のラベル
次に選んだ項目へ1点移します。	リング強化再配分の案内
ポイントがある項目を選ぶと移動元になります。	リング強化再配分元の選択案内
未選択	リング強化再配分元の未選択状態
変更なし	リング強化再配分の変更なし状態
上限	強化項目の上限表示
未実装	未実装項目の表示
上限到達済み	強化項目の上限到達状態
この項目は現在利用できないよ	未実装強化項目の説明
再調整できるリング強化ポイントがないよ	リング強化再配分対象なしの状態
{リング名} {強化名}から移せるポイントがないよ	リング強化再配分元の不足状態
配分案を変更したよ	リング強化再配分案の変更通知
配分は変更されていないよ	リング強化再配分の変更なし状態
月のカケラが足りないよ	リング強化素材不足
リング強化の配分を再調整したよ	リング強化再配分完了
{リング名}の{強化名}を強化したよ	リング工房の強化結果
リング半径を調整したよ	リング半径調整完了
半径はゲージで調整してね	リング半径調整の案内
この強化は上限だよ	リング強化上限の状態
レベルアップ	レベルアップ画面・結果のタイトル
リング拡張	レベルアップの強化名
リング加速	レベルアップの強化名
重量拡張	レベルアップの強化名
リングの半径が広がるよ	レベルアップ強化の説明
リングのアイテムの回転速度が上がるよ	レベルアップ強化の説明
リングのアイテムの重量上限が上がるよ	レベルアップ強化の説明
半径 %.2fm	レベルアップの現在値表示
速度 %.2fm/s	レベルアップの現在値表示
重量 %.1fkg	レベルアップの現在値表示
強化するリングを選ぼう	レベルアップのリング選択案内
リングの強化内容を選ぼう	レベルアップの強化選択案内
{決定操作} OK	レベルアップのカード選択操作案内（カード選択操作は非表示）
{決定操作} 決定  {前後切替操作} リング切替	レベルアップのリング選択操作案内
{決定操作} OK  {前後切替操作} リング切替	レベルアップの操作案内
強化回数：{回数}	レベルアップの強化回数表示
{リング名}のサイズが大きくなった！	レベルアップ結果
{リング名}の速度が速くなった！	レベルアップ結果
{リング名}の重量上限が拡張された！	レベルアップ結果
探索地図	ダンジョンマップ画面のタイトル
{戻る操作} 閉じる	ダンジョンマップ画面の操作案内（スクロール操作は非表示）
地図情報がないよ	ダンジョンマップ情報なしの状態
{メニュー操作} メニュー  {shortcut} アイテム選択  {shortcut-row} アイテム行切替  {使用操作} 使用  {リング配置操作} リングへ  {中心ずらし操作} 中心ずらし  {リング投げ操作} リング投げ	ダンジョン通常時の操作案内
{メニュー操作} メニュー	ダンジョン簡易操作案内
{決定操作} 出口から拠点へ帰還	ダンジョン出口の操作案内
{決定操作} ダンジョン入口から拠点へ帰還	ダンジョン入口の帰還案内
{決定操作} ワープポイント {番号} から拠点へ帰還	ワープポイントの帰還案内
{決定操作} 大穴を調べる	ローグライク大穴の操作案内
大穴   星脈竜を倒すと進める	ローグライク大穴の未解禁案内
さらに進む	ローグライク大穴の選択肢
地上に戻る	ローグライク大穴の選択肢
星脈竜を倒すとさらに進める	ローグライク大穴の未解禁ログ
深度 %dm	ダンジョンHUDの深度表示
深度 %dm (寄り道中)	ダンジョンHUDの寄り道中深度表示
本道から離れている…　深度を進めるなら来た道を戻ろう	本道から外れた際の重要通知
リュックがいっぱいで拾えないよ	アイテム取得時の空き不足通知
星の歪みが消えた…	ローグライクで歪みが消えた場合の重要通知
星明かりが遠のいた…	ローグライクの歪み発生時の重要通知
星が硬化している…	ローグライクの歪み発生時の重要通知
残響が湧き上がる…	ローグライクの歪み発生時の重要通知
星明かりが遠のく	ローグライクの歪み名（デバッグ表示）
星硬化	ローグライクの歪み名（デバッグ表示）
残響湧き	ローグライクの歪み名（デバッグ表示）
リュックがいっぱいで捕獲できない！	捕獲時の空き不足ログ
不思議な力で捕獲できない！	ボス制限またはローグライク知識不足による捕獲不可ログ
捕獲に失敗した！	捕獲失敗ログ
{敵名} を捕まえた	捕獲成功の重要通知
虫とりアミ: {敵名} を収納できなかった（エラー）	捕獲品を収納も地面へ生成もできなかった場合のエラーログ
{リング名} が重量オーバーだ！	リング重量超過の重要通知
{名称} を入手	取得ログの接尾文
{名称} が壊れた	アイテム破損の重要通知
ルネは{名称}を使った！	アイテム使用ログ
宝箱はミミックだった！	ミミック出現ログ
ワープポイント全開放	ワープポイント一括解放ログ
ワープポイントは全開放済み	ワープポイント解放済みログ
落とし物を拾った	ダンジョンイベント進行通知
ワープの方角がミニマップに浮かんだ	ダンジョンイベント進行ログ
魔女の頼みを解決した！話しかけてみよう！	ダンジョンイベント解決の重要通知
{深度}m地点へ進んだ	ローグライク深度進行ログ
大穴への道が開いた	ローグライク大穴解禁ログ
帰還確認	ダンジョン帰還確認のタイトル
拠点へ帰還する？\nこのランを終了して、結果画面へ進むよ	ローグライク帰還の確認文
探索を中断して拠点へ帰る？	通常ダンジョン帰還の確認文
帰る	ダンジョン帰還の実行ボタン
ゲームを終了する？\n※セーブは拠点でのみ実行できるよ	ゲーム終了の確認文
終了する	ゲーム終了の実行ボタン
帰還したよ	テストプレイ時の帰還状態
帰還したよ。商人ワゴン更新あり	テストプレイ時の商人更新付き帰還状態
探索成果	ローグライク帰還成果の見出し
アイテム{個数}個	ローグライク帰還成果のアイテム数
収納箱{個数}個	ローグライク帰還成果の収納数
素材{個数}個	ローグライク帰還成果の素材数
満杯で未収納{個数}個	ローグライク帰還成果の未収納数
脱出したよ	チュートリアル脱出の状態表示
モニカ通信	通信メッセージの見出し
{文字送り操作} 文字送り	会話・通信メッセージの操作案内
アイテムを渡す	ダンジョンイベントの確認タイトル
「{アイテム名}」を魔女に渡す？\n渡したアイテムはなくなるよ	依頼アイテム受け渡しの確認文
渡す	依頼アイテム受け渡しボタン
やめる	依頼アイテム受け渡しのキャンセルボタン
渡すアイテムを選ぶ	依頼アイテム選択画面のタイトル
{決定操作} 渡す  {戻る操作} 戻る	依頼アイテム選択画面の操作案内
依頼品: {条件}	依頼アイテムの条件表示
依頼条件	依頼アイテム詳細のラベル
受け渡し	依頼アイテム詳細のラベル
渡せる	依頼アイテムを渡せる状態
対象外	依頼対象外アイテムの状態
装備中	装備中で操作できない状態
{条件}を持っていない	依頼アイテム不足の状態
そのアイテムは渡せなくなった	依頼アイテム状態変化のエラー
アイテムが入っていない	空スロット選択の状態
{決定操作} 魔女と話す	イベント魔女の会話案内
{決定操作} 魔女からお礼を受け取る	イベント魔女の報酬受取案内
{決定操作} 魔女に条件を確認	イベント魔女の依頼確認案内
眠る敵の宝物庫	ダンジョンイベント名
大量発生の部屋	ダンジョンイベント名
巣穴つぶし	ダンジョンイベント名
親分モンスター部屋	ダンジョンイベント名
光る岩	ダンジョンイベント名
電気回路	ダンジョンイベント名
金貨部屋	ダンジョンイベント名
ワープ案内図	ダンジョンイベント名
埋まった魔女	ダンジョンイベント名
荷物を落とした魔女	ダンジョンイベント名
アイテム要求魔女	ダンジョンイベント名
敵に囲まれた魔女	ダンジョンイベント名
寒がっている魔女	ダンジョンイベント名
重いもの魔女	ダンジョンイベント名
GAME OVER	ゲームオーバー画面のタイトル
リザルト	ゲームオーバー画面の見出し
死因      {死因}	ゲームオーバー結果の死因表示
レベル    {レベル}	ゲームオーバー結果のレベル表示
撃破数    {撃破数}	ゲームオーバー・星間記録の撃破数表示
掘削数    {掘削数}	ゲームオーバー・星間記録の掘削数表示
入手アイテム数  {個数}	ゲームオーバー結果の取得数表示
リトライ	ゲームオーバー画面の選択肢
帰還	ゲームオーバー画面の選択肢
毒の継続ダメージで死亡	ゲームオーバーの死因
熱の継続ダメージで死亡	ゲームオーバーの死因
出血の継続ダメージで死亡	ゲームオーバーの死因
スライムの攻撃で死亡	ゲームオーバーの死因
スライムの接触で死亡	ゲームオーバーの死因
発射物で死亡	ゲームオーバーの死因
爆発で死亡	ゲームオーバーの死因
罠で死亡	ゲームオーバーの死因
不明なダメージで死亡	ゲームオーバーの死因
{敵名}の攻撃で死亡	ゲームオーバーの動的死因
{敵名}の接触で死亡	ゲームオーバーの動的死因
{敵名}の{攻撃名}で死亡	ゲームオーバーの動的死因
STAGE CLEAR	ステージクリア画面のタイトル
クリア結果	ステージクリア画面の見出し
次ステージ解禁: Stage %d	ステージクリア時の解禁表示
クリア時間 {時間}   掘削数 {掘削数}   撃破数 {撃破数}	ステージクリア結果の統計
拠点へ戻る	結果画面の戻るボタン
ASTRAL RECORD	ローグライク結果画面のタイトル
星間記録	ローグライク結果画面の見出し
記録なし	ローグライク結果の状態
帰還成功	ローグライク結果の状態
死亡	ローグライク結果の状態
星脈竜撃破	ローグライク結果の状態
10000m到達	ローグライク結果の状態
結果      {結果}	ローグライク結果の結果表示
到達深度  {深度}m/{目標}m	ローグライク結果の深度表示
入手      アイテム {個数}   素材 {個数}   お金 {金額}G	ローグライク結果の取得物表示
持ち帰り  すべて持ち帰り	ローグライク結果の持ち帰り表示
持ち帰り  ラン取得品は星間に消失	ローグライク結果のロスト表示
スコア    {スコア}   ハイスコア {ハイスコア} 更新	ローグライク結果の新記録表示
スコア    {スコア}   ハイスコア {ハイスコア}	ローグライク結果のスコア表示
スコア    -   ハイスコア {ハイスコア}	ローグライク結果のスコアなし表示
氷結	状態異常HUDの名称
感電	状態異常HUDの名称
しびれ	状態異常HUDの名称
熱気	状態異常HUDの名称
毒	状態異常HUDの名称
出血	状態異常HUDの名称
粘着	状態異常HUDの名称
鈍足	状態異常HUDの名称
防御低下	状態異常HUDの名称
暗闇	状態異常HUDの名称
濡れ	状態異常HUDの名称
睡眠	状態異常HUDの名称
巨大化	状態異常HUDの名称
スタン	状態異常HUDの名称
混乱	状態異常HUDの名称
効果判明：{アイテム名}	アイテム効果発見ポップアップ
モンスター発見：{敵名}	モンスター発見ポップアップ
HP {HP} / 攻撃 {攻撃力}	モンスター発見ポップアップの能力表示
敵にダメージを与える	効果発見時の説明
地形を掘削できる	効果発見時の説明
リング上で周囲を照らす	効果発見時の説明
飛んできた弾を防ぐ	効果発見時の説明
探知効果を発揮する	効果発見時の説明
HPを回復する	効果発見時の説明
状態異常を付与する	効果発見時の説明
確率で敵の防御を低下させる	効果発見時の説明
敵の防御を低下させる	効果発見時の説明
確率で敵を{状態名}にする	効果発見時の説明
敵を{状態名}にする	効果発見時の説明
能力変化を与える	効果発見時の説明
地形へ掘削効果を発揮する	効果発見時の説明
効果が発動する	効果発見時の汎用説明
硬い土を掘れる	効果発見時の説明
土を掘れる	効果発見時の説明
対象を回復する	効果発見時の説明
※ただし、この敵には効かなかった	効果無効時の注記
地面に白い線を書く	効果発見時の説明
白線で囲んだ魔法陣を発動する	効果発見時の説明
白線の魔法陣を完成させる	効果発見時の説明
敵をノックバックさせる	効果発見時の説明
敵から小銭をこぼさせる	効果発見時の説明
敵から少額のお金を落とす	効果発見時の説明
敵から所持品を盗む	効果発見時の説明
属性魔法を発動する	効果発見時の説明
円	リング形状名
8の字	リング形状名
すい星	リング形状名
リング0	リング表示名
リング8	リング表示名
リングC	リング表示名
スコップ	初期リングアイテム名
松明	初期リングアイテム名
採掘	初期リングアイテムの役割
照明	初期リングアイテムの役割
紙芝居データを読み込めないよ	紙芝居読込失敗時の表示
{決定操作} 決定  {戻る操作} キャンセル  ↑/↓ 1個ずつ  ←/→ 10個ずつ	数量選択ダイアログの操作案内
{決定操作} 決定	結果画面の決定操作案内
{決定操作} OK  {リング配置操作} リングへ  {保護操作} 保護ON/OFF	アイテム取得通知の操作案内
{決定操作} OK  {リング配置操作} リングへ  {保護操作} 保護不可	保護できないアイテム取得通知の操作案内
{決定操作} OK  {前後切替操作} リング切替  {リング配置操作} リングへ  {保護操作} 保護ON/OFF	複数リング解禁時のアイテム取得通知の操作案内
{決定操作} OK  {前後切替操作} リング切替  {リング配置操作} リングへ  {保護操作} 保護不可	複数リング解禁時の保護できないアイテム取得通知の操作案内
項目がないよ	汎用リストの空状態
敵データがないよ	敵一覧の空状態
アイテム未指定	アイテム操作の対象未指定状態
リング満杯だよ	リング配置時の空き不足
加工したよ	アイテム加工完了の状態
個体化して加工したよ	スタックアイテムの個体化加工完了
個体化して強化したよ	スタックアイテムの個体化強化完了
個体強化したよ	個体アイテム強化完了
強化対象がないよ	強化対象なしの状態
修理したよ	アイテム修理完了の状態
修理不要	アイテム修理不要の状態
リセット不要	強化リセット不要の状態
倉庫へ預けました	アイテムを倉庫へ預けた状態
装備中の杖は外してね	装備中の杖に対する操作エラー
保護中は売却不可	保護アイテムの売却エラー
素材入手: {素材名}	素材入手の状態表示
所持金	所持金のラベル
重量 %.1f / %.1fkg	リング重量の汎用表示
%.1fkg（元%.1fkg x%.0f%%）	補正後アイテム重量の詳細表示
%+.2f倍	装備効果の倍率表示
巨大化状態を付与する	効果発見時の説明
{状態名}状態を付与する	効果発見時の説明
※ただし、この弾には効かなかった	発射物への効果無効時の注記
かなり遅い	モンスター図鑑の移動速度評価
遅い	モンスター図鑑の移動速度評価
やや遅い	モンスター図鑑の移動速度評価
まあまあ	モンスター図鑑の移動速度・捕獲難易度評価
やや速い	モンスター図鑑の移動速度評価
速い	モンスター図鑑の移動速度評価
かなり速い	モンスター図鑑の移動速度評価
超簡単	モンスター図鑑の捕獲難易度評価
簡単	モンスター図鑑の捕獲難易度評価
やや簡単	モンスター図鑑の捕獲難易度評価
ややムズい	モンスター図鑑の捕獲難易度評価
ムズい	モンスター図鑑の捕獲難易度評価
激ムズ	モンスター図鑑の捕獲難易度評価
持ち込み不可	ローグライク特殊ルールの短縮表示
レベルは1から	ローグライク特殊ルールの短縮表示
今まで入手したことのないアイテムは出現しない	ローグライク特殊ルールの短縮表示
発見したことにならない	ローグライク特殊ルールの短縮表示
登場しない	ローグライク特殊ルールの短縮表示
捕獲することができない	ローグライク特殊ルールの短縮表示
帰還に成功しない限りすべて失う	ローグライク特殊ルールの短縮表示
高レア増加	商人強化の機能表示
レア増加	商人強化の機能表示
強化項目	拠点強化の汎用項目名
収納箱容量	拠点強化結果の項目名
商人機能	拠点強化結果の項目名
作業台機能	拠点強化結果の項目名
最大HP	拠点強化結果の項目名
品揃え: {変更前} → {変更後}	商人強化結果の表示
買取価格: {変更前} → {変更後}	商人強化結果の表示
宝の高価買取: {変更前} → {変更後}	商人強化結果の表示
レア商品: {変更前} → {変更後}	商人強化結果の表示
加工機能: {変更前} → {変更後}	作業台強化結果の表示
作業台費用: {変更前} → {変更後}	作業台強化結果の表示
リング工房: {変更前} → {変更後}	リング工房解禁結果の表示
最大HP: {変更前} → {変更後}	最大HP強化結果の表示
リング半径: {変更前} → {変更後}	リング半径強化結果の表示
リング速度: {変更前} → {変更後}	リング速度強化結果の表示
吸引強化: {変更前} → {変更後}	吸引強化結果の表示
プリセット枠: {変更前} → {変更後}	プリセット枠解禁結果の表示
近くのドロップ	吸引強化の対象表示
リング編成登録/呼び出し	プリセット枠の用途表示
リュックを並び替えました	拠点内リュックの並び替え完了
リュックは空だよ	拠点内リュックの空状態
並び替えるアイテムがないよ	並び替え対象なしの状態
リングは空だよ	リングの空状態
リングを等間隔に整列したよ	拠点内リングの整列完了
位置を移動中だよ	拠点内アイテム配置の移動状態
アイテムを保護したよ	アイテム保護を有効にした状態
アイテムの保護を解除したよ	アイテム保護を解除した状態
このアイテムは保護できないよ	保護対象外の状態
リュックがいっぱいで取り出せないよ	収納箱からの取り出し時の空き不足
まとめ売りの選択を解除したよ	一括売却選択の解除通知
移動元にできるポイントがないよ	リング強化再配分元にできない状態
移動先を選んでください	リング強化再配分先の選択案内
この項目は未解禁だよ	リング工房の未解禁項目
しまう個数	収納数量選択のタイトル
取り出す個数	取り出し数量選択のタイトル
個	数量選択の単位
入れ替えました	拠点内アイテム入れ替え完了
配置したよ	拠点内アイテム配置完了
リングが、拠点でも止まらなくなった	隠し進行の状態通知
{人物名}を捕獲した	拠点NPC捕獲の状態通知
{人物名}はリングに吸い込まれた	拠点NPC捕獲時の収納失敗通知
{人物名}を撃破した	拠点NPC撃破の状態通知
{人物名}に攻撃した	拠点NPC攻撃の状態通知
空からスコップと松明が降ってきた！	序盤の初期装備出現通知
スコップと松明を受け取りました	序盤の初期装備取得通知
セーブに失敗したよ	日記のセーブ失敗表示
ダンジョンへ出発した	オートシミュの拠点行動結果
リングに	オートシミュのリング配置結果の接頭辞
アイテムを入れた	オートシミュのリング配置結果
リングからアイテムを外した	オートシミュのリング取り外し結果
リュックから	オートシミュの破棄結果の接頭辞
アイテムを捨てた	オートシミュの破棄結果
図鑑を同期した	オートシミュの図鑑同期結果
杖に	オートシミュの杖装備結果の接頭辞
アイテムを装備した	オートシミュの杖装備結果
使用リングを切り替えた	オートシミュのリング切替結果
収納箱に	オートシミュの収納結果の接頭辞
アイテムをしまった	オートシミュの収納結果
商人に	オートシミュの売却結果の接頭辞
アイテムを売った	オートシミュの売却結果
アイテムの保護を解除した	オートシミュの保護解除結果
アイテムを保護した	オートシミュの保護結果
アイテムを修理した	オートシミュの修理結果
アイテムの攻撃力を強化した	オートシミュの攻撃強化結果
アイテムの掘削力を強化した	オートシミュの掘削強化結果
拠点施設を強化した	オートシミュの拠点施設強化結果
再生速度 ×{倍率}	オートシミュの速度変更通知
ゲージをドラッグ  {決定操作} 適用  {戻る操作} 戻る  {使用操作} 試聴  ダブルクリック 試聴  Ctrl+C コピー  Ctrl+V 貼り付け  Ctrl+S 保存	効果音編集画面の操作案内
コピー: {効果音名}	効果音編集のコピー完了表示
貼り付け（未適用）: {コピー元} → {貼り付け先}	効果音編集の未適用貼り付け表示
コピーする効果音を選択してください	効果音編集のコピー対象未選択表示
貼り付ける効果音を選択してください	効果音編集の貼り付け先未選択表示
コピーされた効果音がありません	効果音編集のクリップボード未設定表示
コピー元のWAVが見つかりません: {パス}	効果音編集のコピー元ファイル不足表示
コピーは効果音編集でのみ使用できます	BGM編集画面でコピーした場合の表示
貼り付けは効果音編集でのみ使用できます	BGM編集画面で貼り付けた場合の表示
並び: 通常順	BGM・効果音編集のID一覧をマニフェスト順で表示するボタン
並び: ファイル名	BGM・効果音編集のID一覧を設定中のファイル名順で表示するボタン
ID一覧をファイル名順に並べ替え	BGM・効果音編集の並べ替え完了表示
ID一覧を通常順に戻した	BGM・効果音編集の通常順復帰表示
音量（未適用）: {割合}	音声編集の未適用音量表示
ピッチ（未適用）: {割合}	効果音編集の未適用ピッチ表示
タイトルBGM	BGM編集のタイトル用cue表示名
拠点BGM	BGM編集の拠点用cue表示名
チュートリアルダンジョンBGM	BGM編集の導入チュートリアル用cue表示名
ダンジョン1 BGM	BGM編集のダンジョン1用cue表示名
ダンジョン2 BGM	BGM編集のダンジョン2用cue表示名
ダンジョン3 BGM	BGM編集のダンジョン3用cue表示名
ダンジョン4 BGM	BGM編集のダンジョン4用cue表示名
ボス戦BGM	BGM編集の通常ボス戦用cue表示名
ラスボス戦BGM	BGM編集のラスボス戦用cue表示名
エンディング用BGM	BGM編集のエンディング用cue表示名
中央通知 警告	効果音編集の中央警告通知用cue表示名
中央通知 星の歪み	効果音編集の星の歪み通知用cue表示名
中央通知 成功	効果音編集の中央成功通知用cue表示名
♪ {曲名} / {作者名}	BGM開始時に左上へ表示する曲名・作者通知
♪ {曲名}	作者未設定時に左上へ表示するBGM通知
