"source","output","sourcecodec","sourcehz","outputcodec","outputhz","channels","sourcedurationms","outputdurationms","detectedsilencems","appliedtrimms","remainingdetectedsilencems","maxvolumedb","sourcebytes","outputbytes","sourcesha256","outputsha256","status","notes","review"
"K.O..mp3","0_Knockout.wav","mp3","48000","pcm_s16le","48000","2","2826.75","2826.75","0","0","0","-4.4","69120","542814","84125C28E3CEFF7AFBD710CCC84BF1FD7C83D20F599F383887A9C350D0DDFD15","4419BF880BCF5716A4506E302432468D55D7B3E536419162C8E044607C00FCDF","PASS","",""
"オーラ2.mp3","0_Aura.wav","mp3","44100","pcm_s16le","48000","2","4052.245","4052.25","0","0","0","-6.9","100224","778110","D5D54C127599DB047447F91FCE8CCAD935500C1EE6A9CDE80242CD0D67337469","CAA1486180B7F3BB743F5304F27337A25CD6FF33000A78DA70561C01F6E727EE","PASS","",""
"カーソル移動2.mp3","0_Cursor1.wav","mp3","48000","pcm_s16le","48000","2","936.625","936.625","0","0","0","-5.2","24192","179910","4154DF58BC8F31320E3B5CD60E084DE9764D1CB67D47094F7F7CB797E945AB07","659AF8DB47F23DACC53306FA9A251F9CCFD8E7055FC6D95A7D29698F8772149A","PASS","",""
"カーソル移動4.mp3","0_Cursor2.wav","mp3","44100","pcm_s16le","48000","2","966.168","966.188","0","0","0","-4.4","24449","185586","A540B36B2A546E4E195752B0CBB4413B51DC9E5C9C9F6771F8E80BBDD98E9024","9D79D021F770B2907CC30BA622A42E1667E6184A38B8AA8A9743D224CFB9D7D9","PASS","",""
"カーソル移動6.mp3","0_Cursor3.wav","mp3","48000","pcm_s16le","48000","2","1046.5","1046.5","0","0","0","-7.5","26496","201006","075D2C2941E864814574B489DA9DF962F238D9B44B3A294751AAAB2FADB9D7A2","AB0FF28E4E5994460AC3DE0D69B82C6DC1D3F9CD4AAFED5F02BECE2E94BCBFAE","PASS","",""
"カーソル移動7.mp3","0_Cursor4.wav","mp3","44100","pcm_s16le","48000","2","1007.347","1007.354","0","0","0","-6.2","25703","193490","E162EB70FAAFA4DE258213A091C271871AAE309EB7A6171CDF240EA0CAE55490","B9ED337454F398DC1642C777340E9256C188D00B539450602B1A706D3D2D5FAA","PASS","",""
"カーソル移動9.mp3","0_Cursor5.wav","mp3","44100","pcm_s16le","48000","2","1010.249","1010.25","0","0","0","-9.6","25703","194046","61B1E38D4B6EE144E2D20672761AA9C42ABB15E4F3A804658F2A3CB2332E13FA","26D78A2243E443F7B44B59ACFA4D44E014620AB4A6102F860B5607221FFB5487","PASS","",""
"ガラスが割れる1.mp3","0_Shatter1.wav","mp3","48000","pcm_s16le","48000","2","2410.042","2404.792","10.25","5.25","0","-7.1","59328","461798","AC815884ABB569C45D194E5417E581CC7A1DF7D4413112DAFF117525E4DFA638","026BEF9395A73521CC4FBA8DBA2CC01A2D1860DC62E64AB418336DBAAD71461A","PASS","",""
"ガラスが割れる2.mp3","0_Shatter2.wav","mp3","48000","pcm_s16le","48000","2","1253.375","1253.375","0","0","0","-6.7","31680","240726","7CE204109C42283E2ADCC9D48E8D1A9AAFA73EB9FF48826F22EFE7286367F606","A9C92AE3766FC6434DEC1EE987004DC21DAD013C1E1168BF2F52911118A8DA31","PASS","",""
"ガラスが割れる3.mp3","0_Shatter3.wav","mp3","48000","pcm_s16le","48000","2","586.583","586.583","0","0","0","-5.3","15552","112702","E8E79D563BD765865A8563B43D515CFC2A528B7832DDA22B1EB866CE24524CB4","B875F19D9A16CC7D0FDCE99C37F6945D2B72599BE988C6DA7BAD0862A5258930","PASS","",""
"ガラスにひびが入る.mp3","0_Crack.wav","mp3","44100","pcm_s16le","48000","2","705.488","705.5","0","0","0","-7.4","18807","135534","B6230DFA4B0F84645827AEEAF9ED01A22E993E472B03D9839DAF78BF1F23B614","A1C39FFE66FDFE59B63C6165E2A5A548CF5320AD26C780EBA054A45CBC46DAC5","PASS","",""
"キックの衣擦れ1.mp3","0_KickCloth1.wav","mp3","48000","pcm_s16le","48000","2","1013.417","1013.417","0","0","0","-4.8","25920","194654","029E78910E8A8B63C7F7885FC9C9FE05529D7DE0C013344D4B6176D0BAA7EF00","7DA612402890D09E6C65561471445F896F790C75FC2BD368C5F753ACDBFA8049","PASS","",""
"キックの衣擦れ2.mp3","0_KickCloth2.wav","mp3","48000","pcm_s16le","48000","2","1008.042","1008.042","0","0","0","-5.2","25920","193622","2DE9BA2665659A07F7E8C9F84C430A888E64A7F761150742AA1AF1C1CE50D371","E17632F9E45873C4FCED0AE1C6276A9C51D30E37AC5053E24B673A98211BC23F","PASS","",""
"キックの素振り1.mp3","0_KickWhoosh1.wav","mp3","48000","pcm_s16le","48000","2","1008.083","1008.083","0","0","0","-6.7","25920","193630","E3C502D3CD66E001FF14FA2F48645BC963463933C6586D0136321B677879EEE9","F39AA303C6D08B6E49A651E9EF3259EDC66B4732128722EACA4FD3AC0A4165C9","PASS","",""
"キックの素振り2.mp3","0_KickWhoosh2.wav","mp3","48000","pcm_s16le","48000","2","1021.417","1021.417","0","0","0","-2.7","25920","196190","43CA0C7451994B50C13EBF3A996FE68060196584C326C89920DF28B8F44CE2C9","77EB6CA31DCCD95DA6AD235212C83330B67C1F3BEE275FAF5AAA3A562DBC2023","PASS","",""
"キックの素振り3.mp3","0_KickWhoosh3.wav","mp3","48000","pcm_s16le","48000","2","1012.125","1004.729","12.396","7.396","0","-6.2","25920","192986","B89839F6FD48F31DF077208727A8FE1594AD974328C3466E16B15B9BDB3B02F6","CA1FBAED5D667FD72B68FB617724C4AA55BC21052253DD5B059353A151CE1B6C","PASS","",""
"キャンセル5.mp3","0_Cancel1.wav","mp3","44100","pcm_s16le","48000","2","619.864","619.875","0","0","0","-10.3","16299","119094","CE68213D18E05247F7EC69DA9E43248D456657E9E06D75DD9DD3B0BBD392AB32","176164F06DCB22AC05A5FC87ADE719A5257B5F8042044494C33A05AFC2F9D2FE","PASS","",""
"キャンセル9.mp3","0_Cancel2.wav","mp3","48000","pcm_s16le","48000","2","1013.375","1013.375","0","0","0","-8.9","25920","194646","ACE9F9EB150C24D8CE827BBD811938081EF7D0F34C7F0E8C599FB10D845249D0","C7697176AB1BA7DCB0ED77CD4A2F440A2D9D4A8296D3345EE4B25EC91D557EB6","PASS","",""
"ゲージ回復1.mp3","0_Recharge1.wav","mp3","44100","pcm_s16le","48000","2","1344.762","1344.771","0","0","0","-6.9","33853","258274","CCE1E9BE62889266A3EDC1A631CC7B41A788E5592D287FB2722AFCB7E77F860C","154CABF447DA8EE7F7F057501A37146561F968B73DF7699DAD48B2AF4120A93E","PASS","",""
"ゲージ回復3.mp3","0_Recharge2.wav","mp3","44100","pcm_s16le","48000","2","592.472","592.479","0","0","0","-7.7","15672","113834","8CF7E5CA0A2222D4997C942A8BE4EE21E32407D6C8058FEFD41B1628DFEEA544","C69930EBD3DF88AAA5909A3EB8B1D537AB8BD01C9FA9A5D19AE5280FFA00375E","PASS","",""
"ゴブリンの鳴き声1.mp3","0_Goblin1.wav","mp3","48000","pcm_s16le","48000","2","1266.083","1266.083","0","0","0","-6.4","31680","243166","32653EFF1DB6FA41932AB410C4C216FAAD6A244CECEB6D29812849C5466AF2CD","45D4AD044BA4FF8CC55A683AE6E7826FCE0341A7F2FEA8E10E47F2D85FB69E4A","PASS","",""
"ゴブリンの鳴き声2.mp3","0_Goblin2.wav","mp3","48000","pcm_s16le","48000","2","1509.375","1498.292","16.083","11.083","0","-11.1","37440","287750","FEFD1360CA0C8BCF8C353F41FB069E5A26B4BA1533399E233167ED83A8462498","7FCDA597FF20BFE082AF2DECFFDD1F4FB532B5453F65E7921C435657BFD58C60","PASS","",""
"ゴブリンの鳴き声3.mp3","0_Goblin3.wav","mp3","48000","pcm_s16le","48000","2","1056.083","1056.083","0","0","0","-7.2","27072","202846","CFF51B8C3A3C03B99922AAE0D53CB277B6302A0440465EDD4F0DBDDC3234D442","93EE84FEC54CDB7DEA6B449A44E299D8810195659F7995460CD25583AF641708","PASS","",""
"ショット.mp3","0_Shot.wav","mp3","44100","pcm_s16le","48000","2","812.88","812.896","0","0","0","-10.9","21315","156154","0B2CFBD8E2FE4CED634E12FA60EC29EB60E97D269C2BFFA3C77D5164831F7FC8","F083292A8CE4004F47E969B3E5FBB36963665397C25C49423454EC09DD9ECE7A","PASS","",""
"ショット命中.mp3","0_ShotImpact.wav","mp3","44100","pcm_s16le","48000","2","516.984","511.792","10.204","5.204","0","-10.6","13791","98342","E01F3E9CED27CEA05EE9F51F18E53702F7EEFDA908C2EC1C5A481C0C7C737491","132FBF9C21739BE5CBBBCB1E4D8272CF7335D84FD3C48E68687ECB153565D1B7","PASS","",""
"ジャンプ.mp3","0_Jump.wav","mp3","44100","pcm_s16le","48000","2","1104.218","1104.229","0","0","0","-4.1","28211","212090","B2A79FCECC8CD865A6468728C3784A24B8B027659D3AF31CCF77584D147FC00F","DD73925D9CF6390B180553E76FA38DB3ADC07B716EF09B2CC0BA4FC2354AC2D2","PASS","",""
"ジャンプの着地.mp3","0_Landing.wav","mp3","44100","pcm_s16le","48000","2","336.871","336.875","0","0","0","-6.1","9403","64758","A021F0572C76F6208FB43E30D0478126F959C430CB2F30BB3D284BD4A0DB9E2B","B4A5DC1A959473C84555AAE525022E230C4988F49AE96EF3470117BD9BBF649C","PASS","",""
"ステータス上昇魔法1.mp3","0_Buff1.wav","mp3","44100","pcm_s16le","48000","2","1999.433","1989.167","15.261","10.261","0","-4","49527","381998","B2D0BDC77E691C75415324B4C281768D4EBE55D0FD6F9BC12A9FB77EFAA4C5C3","96749F6FAD4CBF44AD2B77E1F3AB7803D5815383A5C8E91A35583D089A661C05","PASS","",""
"ステータス上昇魔法2.mp3","0_Buff2.wav","mp3","44100","pcm_s16le","48000","2","1800.091","1756.729","48.39","43.39","0","-10.3","44511","337370","4E67B55393D17E278CB4968601F88C722678F6BE1A9656F3EB888BD210FE5386","8B65394983095362945B2E8C74098D519973CB4ED666CF0FF2B14F8DF773AE33","PASS","",""
"ステータス治療1.mp3","0_Cure1.wav","mp3","44100","pcm_s16le","48000","2","2365.147","2339.479","30.658","25.658","0","-6.3","58304","449258","8B162DD798AFF9077A1D1494B4C81B07FC313D6F2484E2A310652A34F57D8990","88542EDC2BA3CBD2537C7074334477CCBF7F791E0430AC514E3D9535BFAF9C85","PASS","",""
"ステータス治療2.mp3","0_Cure2.wav","mp3","44100","pcm_s16le","48000","2","2286.78","2266.625","25.17","20.17","0","-5.9","56423","435270","B1744F827B5526FE671819AE80547B8EFC60F4622B5AB9762AF15F900E5DA755","9101965DA64D1776E999796D6C5AE9D3F4718C7740A951951DD98BF10E44A74B","PASS","",""
"スライムの攻撃.mp3","0_Slime.wav","mp3","44100","pcm_s16le","48000","2","588.821","579.875","13.968","8.968","0","-9.8","15672","111414","24714BDC1066A86AB5D322AD835FE5BBCE75CDD66A46ED19691BA6E9D0175F6D","CE3A0213E57119CFF58A9A30AFFE698C922C5055E83414D7FEA18682551255EE","PASS","",""
"スローモーション突入.mp3","0_SlowStart.wav","mp3","44100","pcm_s16le","48000","2","2135.986","2136","0","0","0","-5.5","52661","410190","E2AAF13E5CBD264295A39075B841816DCD0ECE1DB79442BE0B6A384C1ABE4E6D","B50E55906A6F614379459032BD7DA34BB61FEA264E55618D03CCFD3421C8686B","PASS","",""
"スローモーション終了.mp3","0_SlowEnd.wav","mp3","44100","pcm_s16le","48000","2","1877.347","1870.729","11.61","6.61","0","-5.7","46392","359258","B98DBAF83C405B26D839C3A0B2E3120BC39FA4679664547BF8BD0E4627C26C31","4C7A8C96C44C1C6FF02AEC25ABE0DA3111F8DA2EB0216D500EC19F2077FD7E85","PASS","",""
"ドラゴンの羽ばたき.mp3","0_Flap.wav","mp3","48000","pcm_s16le","48000","2","1312.708","1312.708","0","0","0","-7.2","32832","252118","874B86DE0E55C2B724BD6A156CEB8ECEEAF68BCC67D95DA464CD96FD36190381","2A49CA0D99D2CE75B9B214222EBCA63A454C8C0D367BC5A1EDA2718269DE65AF","PASS","",""
"ドラゴンの鳴き声1.mp3","0_Dragon1.wav","mp3","48000","pcm_s16le","48000","2","3202.688","3186.438","21.25","16.25","0","-7.9","78336","611874","AB1181F57E374A9D7185B679BB512391189ADFFF3DEF668BCC4FFC6B245859A6","03CFCE05D88B0C83055D1D6DD960DC2639AB7427F8BF9180123CA801FBEFF21E","PASS","",""
"ドラゴンの鳴き声2.mp3","0_Dragon2.wav","mp3","48000","pcm_s16le","48000","2","1685.688","1685.688","0","0","0","-7","42048","323730","3889C2404CFB28A7A72EFFA30431243B64FBE1FAFE333939A5EF2E95F07E4A13","5AD2411BB1DC9F0D6E3DECB61FAD78281A8669DC603B9BDBE0EEF332BFC8E0CA","PASS","",""
"ナイフで切る.mp3","0_KnifeSlash.wav","mp3","44100","pcm_s16le","48000","2","1008.05","1008.063","0","0","0","-4.9","26496","193626","27F61440C12FFB763AE7F8915E221E83913F29D3A979EC9AA3C65216ADEC9FE1","93E8F42DE18F008323C2D4E365F4B9CDA2B16C6C28BDF5924238C1E686BCD3E1","PASS","",""
"ナイフで突き刺す2.mp3","0_Stab1.wav","mp3","44100","pcm_s16le","48000","2","1006.757","1006.771","0","0","0","-5.1","26496","193378","26FA8B159D774E531E6892A2A05602875C3C8E3788AB320D6600626C3DB1207A","1226AE7BD4341199D13E6550923E9B0662229B920126AAA7202FC84A1031F3A1","PASS","",""
"ナイフで突き刺す3.mp3","0_Stab2.wav","mp3","44100","pcm_s16le","48000","2","1010.726","1010.729","0","0","0","-6.3","25703","194138","27901C9CF44F1FC5C0C1DCA6B4793AFD9DC4F0413279DAD6755704D94E481369","CB970767174FDBCBBBCA7C63C0C2285DA3C0ECB4150A36193DAF2851296F137C","PASS","",""
"ナイフを投げる.mp3","0_KnifeThrow.wav","mp3","44100","pcm_s16le","48000","2","330.771","330.792","0","0","0","-5.8","9403","63590","C108A5E07AF378E2CC9811AA13BCD1755E51AB5713F300B6B36C523951A1E39A","746BF965CC36C24A8417E98D67D8A570D6F54D70FE3FE53FE2FAFDFFC95BB4E6","PASS","",""
"バタンと倒れる.mp3","0_FallThud.wav","mp3","44100","pcm_s16le","48000","2","876.553","876.563","0","0","0","-5.7","22568","168378","6B9BCEF5148444CA9C2F3333F35F17B1A8DF3D88A7D6456A60F3B4934D9FF6FE","251624C1CE2F7158DF3733DBF842F20FD1F66C80F1B255BADD883866E4D750F9","PASS","",""
"パワーアップ.mp3","0_PowerUp.wav","mp3","44100","pcm_s16le","48000","2","902.29","869.875","37.415","32.415","0","-6.2","23195","167094","F11B70F01D35829996CE1C358E10AC6C9F1ABBC85027D6715E20EAA1BB582232","D0B4F4C9F18382040D55AB0D85E32555C7645DCEF2984316C5F72E306C1C1373","PASS","",""
"パワーチャージ.mp3","0_Charge.wav","mp3","44100","pcm_s16le","48000","2","1006.78","934.646","77.143","72.143","0","-9.4","25703","179530","1C56BE320E77284F09BD561DC2BC34E9D4283F51211D66DB55753BEA9C98815F","C52F103248F543FD8B78F594547A32467BF9895BEE20FC5462F8D9AB74789BB0","PASS","",""
"パンチの衣擦れ1.mp3","0_PunchCloth1.wav","mp3","48000","pcm_s16le","48000","2","1013.625","1013.625","0","0","0","-6.7","25920","194694","80D6956EE2347A7FE0006B0787B41C8CB4EBF6BB91B6D6CB9B87C8CF4817F5C8","861BC2C6D7B8400FD07504742F75C072DCCB90918C37E8B4E0F81E294E5BC818","PASS","",""
"パンチの衣擦れ2.mp3","0_PunchCloth2.wav","mp3","48000","pcm_s16le","48000","2","1066.708","1066.708","0","0","0","-7.1","27072","204886","1BCDE1FA45CEE1D302004CD30B0258C1E0A9ABE55196C554AAD54FBC4BF927B8","7D664AAFDBBBB22FFAB33DEE320113514376BC7650EB83BF42BEC4FF7DB6ED60","PASS","",""
"パンチの素振り1.mp3","0_PunchWhoosh1.wav","mp3","48000","pcm_s16le","48000","2","1010.75","997","18.75","13.75","0","-5.8","25920","191502","2B86A5253D2FD7E54A4A834A6230A15CDB834197D76C4632C11DB11FD3085B29","18251613B84D384A6C795375E2B93816BB4ABCF0D9C3BD00CCE8BC2FA3137832","PASS","",""
"パンチの素振り2.mp3","0_PunchWhoosh2.wav","mp3","48000","pcm_s16le","48000","2","1008.083","1008.083","0","0","0","-5.3","25920","193630","C3D67B44A91358F4B688A4341B1D5BB8ED7958E520DB96FAE538DA4A5B4FB65D","A4DD9D9D6B3EBDD596E69C6F7E03BE52802C6F2E471647D9629EDCC204D38E2B","PASS","",""
"パンチの素振り3.mp3","0_PunchWhoosh3.wav","mp3","48000","pcm_s16le","48000","2","1008.042","1008.042","0","0","0","-4.3","25920","193622","E7EC8685163ED689A181C4ADE41EEB68F7FCBD6CC4E2EB13B45292CD88A0B615","A828BF6E0482D2D06A743D5DA271C20994A7EA1368039DE20173F5A1AD23A7F8","PASS","",""
"パンチの風切り音（スローモーション）1.mp3","0_SlowPunch1.wav","mp3","44100","pcm_s16le","48000","2","1944.104","1944.125","0","0","0","-6.3","48273","373350","8222CCD836F6641E9B9380150C45DBC580A134ABCB9A51EA8F7D58BF91C5E0E3","39EABD231624667CE4F63F59E9EA970599CF3BA126E52D176B6F655D14223E5D","PASS","",""
"パンチの風切り音（スローモーション）2.mp3","0_SlowPunch2.wav","mp3","44100","pcm_s16le","48000","2","2218.685","2218.688","0","0","0","-6.2","55168","426066","730FBCA572253E62AA8608B04051502B433D1290D1B1D3E001FBB4BA73AD7650","D490D74FBD75DE8BE3022E72B4925DCEE5BB7782E65728C4C856EDE71ABE0FFB","PASS","",""
"パンチの風切り音（スローモーション）3.mp3","0_SlowPunch3.wav","mp3","44100","pcm_s16le","48000","2","2560.091","2514.167","50.952","45.952","0","-5.8","63319","482798","12F5ECB158BFC683D97F6AF35AB0F845CBCBF1EE8B569E9F3EDBD7F7ACB7122C","B28E8CF86D7255A54EF12B5675CC5EE58D54D1E062C01E5938B007CA2F8A08F1","PASS","",""
"パンチの風切り音（スローモーション）4.mp3","0_SlowPunch4.wav","mp3","44100","pcm_s16le","48000","2","2261.383","2203","63.379","58.379","0","-6.2","57216","423054","ABDA1EC7C993C5D0607F004B36940FEABB2896974EB3E06B478EE333EC8C61DB","9355B05CD7BD397AFAE5BB616FBB469DC2151F2C6992DDBBECB69EF87817358E","PASS","",""
"パンチを受け止める.mp3","0_Block.wav","mp3","44100","pcm_s16le","48000","2","437.392","437.396","0","0","0","-6.8","11910","84058","5A94EF4A9F1BC27718264CBFD671BBE66190DA3729BB67CF889E0124872794CC","4AAFA3D42E4A613323F7B0C2AC071F0B5682C8112C534D1F536D2BF93C59375B","PASS","",""
"パンチ素振り.mp3","0_PunchWhoosh4.wav","mp3","44100","pcm_s16le","48000","2","144.739","138.271","11.474","6.474","0","-5.6","5014","26626","03179B832F47C570D53950211834F3D59F79C87AE035697B31596E13481116CA","10529A426CD1B7EC25BB54F0BD2390F4733F1C15D2CD97414CA46AF7775A343D","PASS","",""
"ビープ音4.mp3","0_Beep.wav","mp3","44100","pcm_s16le","48000","2","1033.469","1026.333","12.154","7.154","0","-11.9","26330","197134","ECA07328256CD67A3530751238E7E64027A342E2FF59836DACCDB74ABBAC33F1","5BF3EF1ACDA1F9E41F0C68ED7E3A347219BE911ABC140B48F7DD8C6F4C78970F","PASS","",""
"ビームガン.mp3","0_Beam.wav","mp3","44100","pcm_s16le","48000","2","1567.528","1567.542","0","0","0","-5.6","40832","301046","2A176C9206D95E0AE45C2805E6879A422D9E277CC7F96CFD33E49B6DA8359B68","BB19D8F94D7E4BCED72CE8324BBF547279FD33B6209D382743207E529383114C","PASS","",""
"マントを翻す.mp3","0_Cape.wav","mp3","44100","pcm_s16le","48000","2","907.029","907.042","0","0","0","-6.5","12388","174230","365FB0F9ADB006C1967BD8B571BB20AF42DB16B99B56F891D77CF996C2C3D013","84F9E985CD94EE54A4A77AE031AAB3F1420975D73F122D9A76F8A9FB40960130","PASS","",""
"メッセージ表示音2.mp3","0_Message.wav","mp3","44100","pcm_s16le","48000","2","676.644","676.646","0","0","0","-13.3","17553","129994","199029296433E4D669EA56503A16DB8B6D49D29C62296D65F2ED4AFD6AB730AD","A8D9867E3C81D54DB38DC4190BBE069930AF9AC5925689DEDB9B5D8871298D7E","PASS","",""
"ロボットを殴る1.mp3","0_Robot1.wav","mp3","48000","pcm_s16le","48000","2","1010.708","1010.708","0","0","0","-6","26496","194134","5DB2CA4D6ACFFB1F45E369C9D8E960D8877F7C6CF59D718AE7798D75E739746B","8BC5D9D2C62FF43E50F4E145D57B23FBBFF41314EE6397C297718425C13C8A81","PASS","",""
"ロボットを殴る2.mp3","0_Robot2.wav","mp3","48000","pcm_s16le","48000","2","1005.375","1005.375","0","0","0","-6.2","26496","193110","F805C6D5A2107DC7D34B6B829152B897278109A8DA57960B58BA8EF04D7C4434","54143EC8DAA55ABC301E14DF062B38F58413E554B0B966E76509811E4A93C692","PASS","",""
"ロボットを殴る3.mp3","0_Robot3.wav","mp3","48000","pcm_s16le","48000","2","1024.208","1024.208","0","0","0","-6.2","26496","196726","8774ECA27E1F6872B800AFE10F435498263665CF7224B5AFBEEA7F1FFC01501B","E127A2E6D3FF4000CEF4B1E40B8E277DDE4F52183E012BFF7D4A7C3021932298","PASS","",""
"ロボットを強く殴る1.mp3","0_RobotHeavy1.wav","mp3","48000","pcm_s16le","48000","2","781.375","781.375","0","0","0","-6.9","22400","150102","948A464BE861C7B0C3B29358D1A7390877960B7603411E6375738BE6453F8593","C17545A47A20380E793EAA0905BDF960F8A02D9C68C0D87E45D2FDEE09D85360","PASS","",""
"ロボットを強く殴る2.mp3","0_RobotHeavy2.wav","mp3","48000","pcm_s16le","48000","2","816.042","816.042","0","0","0","-7.5","21312","156758","82EC7733DA9E534CA5AC38EF5C58993A6B6B3362B06A918E7BBF97F5297AC09A","1289E2CC22EC223B924A88D8530125AF2FE7586903EDBE730BA364104C4D921B","PASS","",""
"ロボットを強く殴る3.mp3","0_RobotHeavy3.wav","mp3","44100","pcm_s16le","48000","2","1717.347","1717.354","0","0","0","-6.4","44928","329810","2AFEEDC91F4B546244FCE05D2AEFB2E1A7F97EF45FF06C623A073AB47A7E17C1","D96818E6320717CB3772CDF14E6AD0E69F351C845230D6A2ACDD968B5B009DDC","PASS","",""
"ワープ.mp3","0_Warp.wav","mp3","44100","pcm_s16le","48000","2","1346.372","1251.833","99.569","94.569","0","-9.9","33853","240430","AD998E6DB42E0C6F6EDA7C2EE5C7E8DDEB72F1E4BAF50F15DDC9846709EF13AF","81D01D7843617D2ACCB487864B836D4F8C356CA67F4A37651E2DE6EF30F37400","PASS","",""
"火炎魔法1.mp3","0_Fire.wav","mp3","44100","pcm_s16le","48000","2","1010.431","1010.438","0","0","0","0","11783","194082","8E810C575545C92F45A23E66EF8C4480212A8D70F7C0AD7542F01A9D745BB390","C8B30D5C38C85EAD8FBC92E7244038A7779997F7FB3E48CAB45B3BDD3DC8B8AE","PASS","",""
"回復魔法1.mp3","0_Heal1.wav","mp3","44100","pcm_s16le","48000","2","2077.8","2070.563","12.245","7.245","0","-5.2","51408","397626","285452880794A0ABC6305D099138BDAC50947933C0ADF9E8F6BFDBA5C184B5E6","0F71D723FCBB0E9841A94E722BFC4797D0F70A74C99167487784CE4B4996FCD6","PASS","",""
"回復魔法2.mp3","0_Heal2.wav","mp3","44100","pcm_s16le","48000","2","3534.444","3534.458","0","0","0","-5.4","87936","678694","BD71DD6B857E571DF9C2810F36293B7F0F64A87D86BC458A630075D411EFE7E4","2D03D2587FF9A04FFC996C77C9FE1ADE88FA4F9C6F23A26C4186E7360E5DF47D","PASS","",""
"回復魔法4.mp3","0_Heal3.wav","mp3","44100","pcm_s16le","48000","2","1633.719","1621.75","16.962","11.962","0","-6.5","40750","311454","261C9913B50BBFC8A5AC098A31F39CC867A5103884E4DDA8DE3BAB5568DF1EBE","735DEC2124BA4BB79D9B09AD14E74BFB3CEDDB860E7ACF8F7C5D1B4FBE575383","PASS","",""
"怪獣の足音.mp3","0_Stomp.wav","mp3","44100","pcm_s16le","48000","2","1393.379","1393.396","0","0","0","-6.3","35107","267610","B44C3028BC599695E015480A0A8970D22E4DA22151DBD45FCF7BE03FBDFDAF65","584A02FF22C8652D19268F2D6FAD436F4D27E485A965733B58CFE3E49E4F9428","PASS","",""
"岩が真っ二つに割れる.mp3","0_RockSplit.wav","mp3","44100","pcm_s16le","48000","2","5548.299","5548.313","0","0","0","-4.2","137088","1065354","D1CCE96561699734A68ACB931C204D928C44B75BF57BDD804017A21283E4251D","18D2B0B702DCA9BB335E34489C24F82319D146C1DB663C27F39CFF4F1AF6D652","PASS","",""
"岩にヒビが入る.mp3","0_RockCrack.wav","mp3","44100","pcm_s16le","48000","2","2613.379","2613.396","0","0","0","-6.7","65408","501850","00652BD8A55A242F55F6DF277B3C44AD6C37E73AECF52603D064DB506267772F","0D472783AD9D892D1EE2B0843A4172DE9DBA9128378D1CB188AB82945E3A75FB","PASS","",""
"弓矢が刺さる.mp3","0_ArrowImpact.wav","mp3","44100","pcm_s16le","48000","2","911.927","911.938","0","0","0","-7.8","23195","175170","B12B882594DA6B438FAFB763D90DA8B1F8636A2B1A6CB0AE241A7E6B9D14F71B","394D0AA4427C98C376BEE58CD290DA168C353C64CA53163976CEED469EDD4329","PASS","",""
"弓矢を放つ.mp3","0_Arrow.wav","mp3","48000","pcm_s16le","48000","2","1016.042","1016.042","0","0","0","-6","25920","195158","F1DDB387721BAFB24F4936E4DDC6FA630FCAD890D788ACCACC498E45E9434673","EDA00B47951D63F19E5AE131907172C4F24C749F5B11C6749007F56B1509DC1C","PASS","",""
"軽いキック1.mp3","0_LightKick1.wav","mp3","48000","pcm_s16le","48000","2","1005.333","1005.333","0","0","0","-8.2","25344","193102","6BF0602ADB2D086C4AEE20E451EB8ADCE5848E2373B3135765E2BF6D004DDB44","960A324D51EF3026D1CEE46760EAF505D83EB0CD584780124DBD59558667AED5","PASS","",""
"軽いキック2.mp3","0_LightKick2.wav","mp3","48000","pcm_s16le","48000","2","1264","1264","0","0","0","-2.1","31680","242766","7EBE6D89F1630AE3ED3AC19B99C7D6BE9693624A308461338A0DC0436B2827E4","274ECCEC14ED41B98D63EEDD1803886AE7A0CE7D3A72FA95107C1BD90CE58C6A","PASS","",""
"軽いパンチ1.mp3","0_LightPunch1.wav","mp3","48000","pcm_s16le","48000","2","989.417","989.417","0","0","0","-4.7","25344","190046","FD83E66ED21DF28896DC0CB19351A342CE05677488BAB9F2F01146F2E0AC6E45","826710A9940B95F909453BFEE1BBF90B93F42F196EBA3990D48C416E9ABD4878","PASS","",""
"軽いパンチ2.mp3","0_LightPunch2.wav","mp3","48000","pcm_s16le","48000","2","1178.792","1178.792","0","0","0","-4.8","29952","226406","230538833C983CD0753B48B40586037A0E2FFCCC3565892B3893F93A6C9EDD67","478B94E3C42507C6A4DF3E016F459DF76795179E756CFD829E7DBC6B19CC96ED","PASS","",""
"決定ボタンを押す2.mp3","0_Confirm1.wav","mp3","48000","pcm_s16le","48000","2","1063.542","1063.542","0","0","0","-13","27072","204278","0F5A35EF0DA50CD6F6779B73EF793F651C6825460FF1FF6DCE122B861CD4FF74","0E219D1EA7C3E76ACC17C6AB21B4FC0B6F2124A7671BB3F33C6ED3E7760F5DEF","PASS","",""
"決定ボタンを押す50.mp3","0_Confirm2.wav","mp3","44100","pcm_s16le","48000","2","1010.249","1010.25","0","0","0","-8.3","25703","194046","2885AA7281AC3B5E710AE88AF92CF4CC871B7F2170C15A82E0D74EC86E799C2D","EC82935E2486C17C3E3E5C69D821706A181E37F975A3EFDDD6B3AA24A3EAF582","PASS","",""
"剣で斬る2.mp3","0_SwordSlash.wav","mp3","48000","pcm_s16le","48000","2","1029.833","1019","15.833","10.833","0","-5","25920","195726","316D24154B9966C400AF4DE38DAB1404792708B79D6E621ACB1DD5962BB2CD65","B72E2F574D9534B4C79764AE5CAFCA7A27C8F422E118AA14FD59C6A7A28A77CA","PASS","",""
"剣で打ち合う4.mp3","0_Clash.wav","mp3","44100","pcm_s16le","48000","2","1191.043","1191.063","0","0","0","-3.3","30092","228762","49E194151FF9E78575B2F1B187A9E411507B49501BD5F52CEBC8472C8A735DE2","8186ACD2546E2379DDE62C2504D43F23335BAABBD0267ECD27A4655481F5AECF","PASS","",""
"剣の素振り1.mp3","0_Swing1.wav","mp3","44100","pcm_s16le","48000","2","516.984","509.979","12.018","7.018","0","-6.7","13791","97994","B2C56E47BABB1DCD8F622697E1AC1A7B300C4768FF01719162702F83B2CECBF3","3246C35246FEA34AD981E3D724230E6181D92C5B9A9F40BFF29BE3CB000CB328","PASS","",""
"剣の素振り2.mp3","0_Swing2.wav","mp3","44100","pcm_s16le","48000","2","612.993","529.417","88.594","83.594","0","-6.4","16299","101726","ECFCA73464A7627427268F556CB57D7E00E741FA01B8E704768CB7E37638C56F","F5D7EDB10FAFF227FFF713E5BBCA3E9AA451B74C54863B74CD7C475F73EE3D10","PASS","",""
"剣の素振り3.mp3","0_Swing3.wav","mp3","44100","pcm_s16le","48000","2","612.993","464.042","153.946","148.946","0","-5.9","16299","89174","E3D10D2208CA466FD7B23EF02D469861122552526B4F49F43862FB910E061E64","36EEAD74CA9768320BCED8D84DCB0C96D6E30247975743EB095DA57CB8E002CB","PASS","","large leading trim"
"剣を抜く.mp3","0_Draw.wav","mp3","44100","pcm_s16le","48000","2","1834.875","1834.896","0","0","0","-6.1","45765","352378","912108C4345DB85DF6ABB2AD4B5473669BAB04B7E3F850CF3E5DF7F48E488DD7","4E249A66131F38E262513B6F6799B5731063BD47241845E6B4818505B38C2787","PASS","",""
"建物が少し崩れる1.mp3","0_Collapse1.wav","mp3","48000","pcm_s16le","48000","2","2018.708","2018.708","0","0","0","-6.1","50112","387670","1F703FF60B5D6732963E0588E8E06533B672006A51ACCCCE4C5D49198CD2BC83","74919CEAD6F0C3282908F3F87296CE2F902C11D920FCB5F6D0467CCF2E8E7EB4","PASS","",""
"建物が少し崩れる2.mp3","0_Collapse2.wav","mp3","48000","pcm_s16le","48000","2","1605.292","1605.292","0","0","0","-7.8","39744","308294","2B6BC2C35D84BB06905C528AA1FDE9A834AC6C17450510A0761FCF9FEBFD2E78","C3F5163309E9B3000740ED1C956404FD0602FE73F4FD5682AE13A2F73FBAD5AD","PASS","",""
"拳銃の弾切れ.mp3","0_DryFire.wav","mp3","44100","pcm_s16le","48000","2","1010.68","1010.688","0","0","0","-5","25703","194130","A81D1552B0C8455424D0F2EAB28560A10A0FC2556EFAC6DBB81CF7E39B3488B9","270AA2288A1069138CEC82CAE1E4FC8C3B8C9E3DB3D90EBA43C60FCDFF430BDF","PASS","",""
"拳銃をチャッと構える.mp3","0_GunReady.wav","mp3","44100","pcm_s16le","48000","2","978.73","978.75","0","0","0","-5.8","25076","187998","7D93760B6EB0453A0614E98B213BA42A0031F718635D76675A41173B35B17243","7E988D0527A6738DBC3A5D3201B2A905019F0FF35F1F1193FF67D2046452DD2D","PASS","",""
"拳銃を撃つ (1).mp3","0_GunShot.wav","mp3","44100","pcm_s16le","48000","2","1384.49","1384.5","0","0","0","-3.6","17812","265902","B887C660B493221D31B5ABC0BD0CB4C772B7107091B33D8429E3DC2CF6DF3269","A1660CF7EF3093B839B45C97FA89FAAFEF002C15586C7D7178A0485C965E2F02","PASS","",""
"構えを取る.mp3","0_Stance.wav","mp3","44100","pcm_s16le","48000","2","461.315","461.333","0","0","0","-7.3","12537","88654","92F611D493831C91B934C3283A70AB3112FB02B9E1142A7A15F876A3EC617AD1","953D89DC30800583B3122205E7FEDC8555C5E41B4896785DDAA648C4CB393B4E","PASS","",""
"高速移動.mp3","0_Dash.wav","mp3","44100","pcm_s16le","48000","2","1237.914","1237.917","0","0","0","-3.2","31346","237758","23D8C1CF6DF82BA9BA73A7D7F751D427C504B74D052408CD8CD9BC55D2A79C02","3BEAD2E1F753B480F28D4E9B365E1CD50DB8B69F4217DE6F9BD01C7ADCCF1602","PASS","",""
"重いキック1.mp3","0_HeavyKick.wav","mp3","48000","pcm_s16le","48000","2","1287.958","1287.958","0","0","0","-4.6","32256","247366","CBAD5B8C0F327E17FC39941A0B00BDB1B99A8B08829256FD010D2CDBF2B6D663","E1690EE522FA86A6A2470C352001BD51AE7A4E5DD280764C7D22C2DA693A4D9B","PASS","",""
"重いパンチ1.mp3","0_HeavyPunch1.wav","mp3","48000","pcm_s16le","48000","2","1010.708","1010.708","0","0","0","-5.4","25920","194134","4BBD7213ADB89526D877415C811C61C79B1D5FB33AF1B3903C217730E7668171","E4BE9DFCF4CEDD70161EFABFF5929F32B1DEDEA924325D224A853F99AB7F9C50","PASS","",""
"重いパンチ2.mp3","0_HeavyPunch2.wav","mp3","44100","pcm_s16le","48000","2","1002.721","1002.729","0","0","0","-5.1","26496","192602","60D245C720EDD7DEB3D1AC6A3EF5A3D45CD72513D5E71E7379C1D55CE1524DC6","E682ACE50B3E3BCEEC02DB4BDDCBD2E68E5AEFFAF97D7A1E07440B3C52783378","PASS","",""
"重いパンチ3.mp3","0_HeavyPunch3.wav","mp3","44100","pcm_s16le","48000","2","1024.014","1024.021","0","0","0","-5.1","28544","196690","AD3B633D728548136F277B45E2C2A2B708A83217ABDB3A4AD4D25609B7B17AD5","55E4BF4BDCC14BEE7AA6A0163A03B004D937DD4641331E69FC2F9695A48F0565","PASS","",""
"重力魔法1.mp3","0_Gravity.wav","mp3","44100","pcm_s16le","48000","2","1785.17","1785.188","0","0","0","-6","44511","342834","0D065FDC1FE1DAF88A4AD1A596C50470BAB76007812936FE14397AD3D5D39016","EE260379A8824DA1E0E9777F7527A26E03BE82BCFA2A532C944B0E4D8DF7EEB5","PASS","",""
"小キック.mp3","0_SmallKick.wav","mp3","44100","pcm_s16le","48000","2","377.506","377.521","0","0","0","-10.9","10657","72562","F2E0C974AE526B352F179C0B22752E11B9338C04F8ACE0423471A345489114F8","D9EC583E9FEBC300C54456679D7FDFEE740F7F11660AF9254CF730EE9AC64E1D","PASS","",""
"小パンチ.mp3","0_SmallPunch.wav","mp3","44100","pcm_s16le","48000","2","407.982","408","0","0","0","-7.1","11284","78414","4E68118D80C6A5077B5D672EE4CFA5D0B0179F3A0ACD28C9CF44859ABD37BEF1","2CFC080DD3A487AB0EAE56B6BA1B1AE12F20EDF631509DE6156F502FB95A2609","PASS","",""
"聖魔法.mp3","0_Holy.wav","mp3","44100","pcm_s16le","48000","2","4248.345","4248.354","0","0","0","-6.9","103444","815762","C719D31FACFEB48D99A4022358EBB5DCD89FF65E379430B119626486C8510DB0","0B8DFDBF831FC3312239AA762B7E16BCDE677D97E5422CC30B2FF8CDAC0E7EBA","PASS","",""
"石が砕ける.mp3","0_Crumble.wav","mp3","44100","pcm_s16le","48000","2","667.755","667.771","0","0","0","-6.8","17553","128290","C091F5DEC5E578E00CD465EED22C891FC6BF8BB3E5E3386499B7F667E49F06BF","A320BEBA111304E21339EA87B67806E416810A650A422F8C6DB051FC5D783C38","PASS","",""
"打撃1.mp3","0_Strike1.wav","mp3","48000","pcm_s16le","48000","2","1002.708","994.375","13.333","8.333","0","-7.9","25344","190998","E6673DBC30200BA1043B4DD45E6D6D8703D945DC5476F88CF418532A6A873AE3","4976C9B314F20481F2E1F8BA6780EEDD93E3B511F941B6AC2949154DFF99298C","PASS","",""
"打撃2.mp3","0_Strike2.wav","mp3","48000","pcm_s16le","48000","2","1002.667","1002.667","0","0","0","-4.9","25344","192590","08346D543D05489DD7CD1EEE974C8761CFBFD2D8451F6961E3ED317FC0BE288E","E1CEDE76F545A69B22D77F776E670E8EC59407B3A17977D087E0260D05FB9856","PASS","",""
"打撃3.mp3","0_Strike3.wav","mp3","48000","pcm_s16le","48000","2","1035.042","1025.813","14.229","9.229","0","-6.2","26496","197034","D7887DD57B058890ABB8A891F167ED8C2D2D74F546FA0C0E5EFE75CC03081C7F","C6BE25EA445751AE1807394FC30390EA36A3813ED7E09265A98A67C11BDC38E0","PASS","",""
"打撃4.mp3","0_Strike4.wav","mp3","48000","pcm_s16le","48000","2","1234.813","1224.646","15.167","10.167","0","-5.3","31104","235210","608397FFCF3464A1B3D862EF3BE6C3A05A348A1FBD61437BE1EB42FDA753D7AE","5FAE584BD3E8EFFB127BD0815DB02EC8077BCF0B34FE07764A0CDA7128B75603","PASS","",""
"打撃5.mp3","0_Strike5.wav","mp3","48000","pcm_s16le","48000","2","1008.604","1000.25","13.354","8.354","0","-5.4","25920","192126","409556739F1A1DE489960E73095B7DF842E9F6E6B522F8C1FEAC243D47590F58","4E19E42CB1EE98FF80744F13C84A034AEFE804B1F81770F025538021A06C9268","PASS","",""
"打撃6.mp3","0_Strike6.wav","mp3","48000","pcm_s16le","48000","2","1146.813","1137.396","14.417","9.417","0","-4.8","28800","218458","918F69CE1827636908A9ADF7AEB5A5BEBB65256EBAED5ECD0DED46922FA786CD","F872622CF1B9EE752C9ED5804D84C33FF8BCA21E4CCDA7D23E396538CB89BB02","PASS","",""
"打撃7.mp3","0_Strike7.wav","mp3","48000","pcm_s16le","48000","2","1130.958","1130.958","0","0","0","-6.5","28800","217222","0DA54B63298D017D0723664673D64F4C277FD7DBBC08793EDEAF436431C0EE68","E1588F2A893224082AE780D51A0154880BE42C80937FCF02CC88F40FA1D94081","PASS","",""
"打撃8.mp3","0_Strike8.wav","mp3","48000","pcm_s16le","48000","2","1064.417","1064.417","0","0","0","-6.9","27072","204446","AE00F7EEE68C22F65D1800F52B545EC73930B30F4253D4B54BC877FA3B21CC01","4039B32B920CC8AD839ED0B197FD9D7088A63841218BB7515EDC79A962D430AD","PASS","",""
"大キック.mp3","0_BigKick.wav","mp3","44100","pcm_s16le","48000","2","1207.619","1207.625","0","0","0","-6.2","30719","231942","52187BD3AB6AF3BDD82188D85DF8D548CC0E4B33D83B57C5E839FD0DE5F6A26F","DE92FCD227207071124B1E782969FEB142AC1EB4D55D67A9BD7B527EED1EFF1B","PASS","",""
"大パンチ.mp3","0_BigPunch.wav","mp3","44100","pcm_s16le","48000","2","1257.143","1257.146","0","0","0","-6.3","31972","241450","8988139A525F00CB63F418F06BB436D93172653548E37A6D1EBDEBDFAC65EBFF","E9135F97831050521AABCC7D38263DB210C4E4333BAA944E872A5419C4587607","PASS","",""
"中キック.mp3","0_MediumKick.wav","mp3","44100","pcm_s16le","48000","2","536.576","530.792","10.816","5.816","0","-5.7","14418","101990","4C046913BA1A46E4B27CD86A167D93075D0D42CA225FCBBDF90954D5A976BBFA","A7B397ACDFD057F6B5DFB0B194AEB931CE25DB36DA6287847096BEC04374C5C5","PASS","",""
"中パンチ.mp3","0_MediumPunch.wav","mp3","44100","pcm_s16le","48000","2","771.678","766.021","10.658","5.658","0","-4.8","20061","147154","85D98183B2AD08DC800DD51C07EF54E3B92952988C604CA6516ADEFF4A4B67B2","B9B0A359C0E43D3E8A09058D86BD46C353B1B370CE9D1636B20FBFD43BCABD00","PASS","",""
"超必殺技発動.mp3","0_Ultimate.wav","mp3","44100","pcm_s16le","48000","2","2487.438","2487.458","0","0","0","-6.3","61439","477670","0D6C32C7651E3539A1A1CC5BF899E2C16ACDC73300B43908C6882278055AF359","78B1BE10EE8BB71285C98B4569987877754DEA0CEACE7DBD7287909BB52FF18B","PASS","",""
"倒れる.mp3","0_Fall.wav","mp3","48000","pcm_s16le","48000","2","1013.375","1013.375","0","0","0","-8.2","25920","194646","4E07B02E34F0EE8D7BB28B8CDF0B9D85A6B0CF6C77A698E17B581E7356450127","7822349A186E63D6C848A995C0A78B6D7A9794BDC317BC4E7C3D8CA08AE67808","PASS","",""
"刀で斬る2.mp3","0_KatanaSlash1.wav","mp3","44100","pcm_s16le","48000","2","562.698","542.104","25.601","20.601","0","-6","15045","104162","60ABFB46BC37DF060DC4BE04B59F5CBB0136F4C5DC733D813748097D7ECC26EC","EE6A7BF37CAA501A9C5072C2BFECCCD400841C347FD02510FF9787A2B6333CDD","PASS","",""
"刀で斬る5.mp3","0_KatanaSlash2.wav","mp3","44100","pcm_s16le","48000","2","823.923","766.104","62.812","57.812","0","-9","21315","147170","20D8AB75BF3816FE5A75C6CBF1E7B8A34D9CB64A5C614E8FD7444D7104A2CA03","BD2DE1A23103B2B3015C95708F317897DC11B1176D7338FED98AEF94804D6A19","PASS","",""
"刀の素振り1.mp3","0_KatanaSwing1.wav","mp3","44100","pcm_s16le","48000","2","1199.932","1199.938","0","0","0","-7.7","30092","230466","BAE1829391D2C27AFDB7A7DA9F4D62B3E5D46620F9E983F80A98FDAFDF46A833","DD137CE9464D9DDAD4F1064163645E62C56E47951B9F509900DDB3027B30A008","PASS","",""
"刀の素振り2.mp3","0_KatanaSwing2.wav","mp3","44100","pcm_s16le","48000","2","1013.333","1013.333","0","0","0","-4.7","25703","194638","F2359BAFA14A900D5EA9B79096AAA8E36005104D2CE6B0B415A6D3CA65D6725C","69BB7881B084D824DEABD621F1922AE0BCE58E13B09F2F4BF97D87F4EA394C7B","PASS","",""
"刀を構える.mp3","0_KatanaReady.wav","mp3","44100","pcm_s16le","48000","2","1320.249","1172.771","152.494","147.494","0","-3.8","33226","225250","4A74E60071B91C1A7684F03B81BF4F4BA955DFD7B3AFBAEB1046BE141A24E9DF","38ECB674DD01A6112A16C424067774E72CE44404B7A19B64CC51D8E726E5E209","PASS","","large leading trim"
"刀を鞘にしまう1.mp3","0_Sheathe1.wav","mp3","44100","pcm_s16le","48000","2","1097.007","1097.021","0","0","0","-8","27584","210706","0AFE8F1B84C145FB8CDF2CBCDC4DCAF388BFBC93558F1B46DF1331CD2A4FDBED","84947AA01F0162F8033E1A4ED421A1B19463458326C5366A83576EDB3580D649","PASS","",""
"刀を鞘にしまう2.mp3","0_Sheathe2.wav","mp3","44100","pcm_s16le","48000","2","771.678","760.083","16.599","11.599","0","-5","20061","146014","EFC9B50ACF8A9474D29506334C2262FA3529927AAC025435A52B765041316F94","898C5D0D52819A1F8805B145CE4C65731E321D12C18F72DC6AEF22AC7E901B72","PASS","",""
"毒魔法1.mp3","0_Poison1.wav","mp3","44100","pcm_s16le","48000","2","1059.025","1024.813","39.229","34.229","0","-6.7","26957","196842","F6E2BEC5EAF4E522D87C4E1C610BA5DA6568399DBC5EB9C1BDA62C12997DB770","7A820750F009B0F2F29E5C011C7A1AE945C1208E4279E74D03F299E7692E13D6","PASS","",""
"毒魔法2.mp3","0_Poison2.wav","mp3","44100","pcm_s16le","48000","2","2417.392","2373.271","49.138","44.138","0","-9.7","59558","455746","BFDF7A1815E8C9ABFAEE504F7CDA743F044CA05B271F913C91580CC756C2A1EB","9D9136A0C3151A458D593BF19FB9E4A1BDCEDBA88A23A169B977C1AF56B3CC76","PASS","",""
"爆発1.mp3","0_Explosion1.wav","mp3","44100","pcm_s16le","48000","2","3355.465","3355.479","0","0","0","-7.9","82128","644330","2C6E099ABB64EB2B8D658BAA58F95C468435203EBE728A724C0E575C1243FC37","744D89DD1666C4E6BC1695C68C1F2325AF582751BFB7B6D16FD0304F1B76AD7B","PASS","",""
"爆発2.mp3","0_Explosion2.wav","mp3","44100","pcm_s16le","48000","2","2554.376","2554.396","0","0","0","-7.2","62692","490522","C8E95D7108D7E87D02A5E1531BB6FCA1C896479F211F97EFD91EF09C51FF1516","1DABD47D252F46FEF062E9A3A9DE9F7FCBFEA0E627EDBF4EC06B6069D0079480","PASS","",""
"爆発3.mp3","0_Explosion3.wav","mp3","48000","pcm_s16le","48000","2","4671.917","4671.917","0","0","0","-7.5","114560","897086","95D7E47218D43C565EA0E7B670072AB3900FAE8741EE1F58744E45D34C6FD037","EBBCC45E209F380DD3A81D7319DCE622BE6B81E355CE83EFD7A44907B139453C","PASS","",""
"氷魔法1.mp3","0_Ice1.wav","mp3","44100","pcm_s16le","48000","2","2339.025","2330.979","13.061","8.061","0","-5.4","57677","447626","AFBFF7ADA852BF00F2D330D947E1D112AE313F098C8D71F251C1005927BA82B9","C426CFA8DCB11F0E3036B884A32C6D46DB907EBCF2E8FE82B7CE25FCC01CEF25","PASS","",""
"氷魔法2.mp3","0_Ice2.wav","mp3","44100","pcm_s16le","48000","2","3266.417","3266.438","0","0","0","-5.5","80247","627234","7AEB78F84734706BAD101FCE232F412F30BA8D6EA89498DA2FBB9EDCC8925958","6F6ECC95E671E65261C760522ADA44270DC976D6C6599C3E2AE4B4C3BA5762C7","PASS","",""
"斧で斬る1.mp3","0_Axe1.wav","mp3","44100","pcm_s16le","48000","2","1037.347","1015.708","26.644","21.644","0","-6.4","26330","195094","0DEFBF15347F9AA048C2A3AC26C9C4D123BC6FA9FFBF1F300F4549253B1CF5BF","8C2F72920DEF5376C6BAD2F3F3870E926AFC7ABCFDF9F24AFF6BC29AAB6C72B0","PASS","",""
"斧で斬る2.mp3","0_Axe2.wav","mp3","44100","pcm_s16le","48000","2","1157.347","1157.354","0","0","0","-4.2","29465","222290","A46CD2F2313A04EB65A4A858FF67C6785C882A4CB4461E7CD91CD80BA1511B15","CD6E14959F932EFADA1A217EDD3702CE55DD0F0D8B9AB7BC80F486D4A50D93CA","PASS","",""
"武器を振り回す.mp3","0_WeaponSpin.wav","mp3","48000","pcm_s16le","48000","2","613.375","613.375","0","0","0","-7.5","18304","117846","90FBF1F1E1638DC05580CF964200F56794562473323D58BC52DAC0CA2EBE4150","273CC7E9AA3D242D70EF7A3C205EF2E299F0C082D9325A4BBE6CF65FAD1DF5F3","PASS","",""
"風魔法1.mp3","0_Wind.wav","mp3","44100","pcm_s16le","48000","2","1010.249","1010.25","0","0","0","-5.8","13059","194046","9B801C9E57626A01EFCC18650423BEF7812CFBF5CCEBA1D275B46B7E0BFBFC46","EABF3AC2C3CC2889054558CDF948616A276D02C636B8BBF46B9A84180BBA2DAF","PASS","",""
"平手打ち1.mp3","0_Slap.wav","mp3","44100","pcm_s16le","48000","2","313.651","313.667","0","0","0","-4.2","9403","60302","DC10AE749EF736E96A4124566E8C0D47DEC97D25F97BC53DD4A21FFCF57E5C1C","BAA8FFC18FF1FFDD6954081CE353E85BB3F55A857FAECC7774745094FBA19245","PASS","",""
"鞭で攻撃1.mp3","0_Whip1.wav","mp3","44100","pcm_s16le","48000","2","541.338","541.354","0","0","0","-6","14418","104018","E24B18AD1B84C2ECFA7B799CCC2B863A3B37BEEF9276D4A78B57E8C581CBD627","EC9C470EBAD0E214F091D21EC4FC45267A04C89F7A4DA72C6AEBEB4FEBEC167B","PASS","",""
"鞭で攻撃2.mp3","0_Whip2.wav","mp3","44100","pcm_s16le","48000","2","583.968","583.979","0","0","0","-6.8","15672","112202","C29D660A4D2DCF77B45C8A2AF9BF77FBD4176C3D948BCA37E69C94F0EF7EBDF7","0A22717FD37C1F06C954B53F145ED73155116F6118DA77FE9DBA1BAB1BA31201","PASS","",""
"鞭で攻撃5.mp3","0_Whip3.wav","mp3","44100","pcm_s16le","48000","2","3642.676","3642.688","0","0","0","-6.5","89024","699474","005905DB7FF251245AF3582DC31146772F4971FF8672E771479EBE3F072723B0","67D26E899989D3222D2F4B790C15D1AC4A733E1D959F486985BC500EE6DA5FCB","PASS","",""
"鞭を振り回す1.mp3","0_WhipSwing1.wav","mp3","44100","pcm_s16le","48000","2","444.966","389.938","60.023","55.023","0","-6.3","12537","74946","D238123748640340F687218E4853854469BE456796E85A3CEC3185C273BCE981","FE69CA304BE14770E0B32BDCD9E82D7A36CAED28ECFF1824D8F4562ED580AD40","PASS","",""
"鞭を振り回す2.mp3","0_WhipSwing2.wav","mp3","44100","pcm_s16le","48000","2","708.98","702.646","11.338","6.338","0","-6.6","18807","134986","8ED62260DD649A6DF01DF1ED331C6463FCB28D5F522FE77BD459B00C87124503","2869C2F83E6247C0EB98F23136AA33C6CBA17311D9EA437F2774A854FF83E302","PASS","",""
"魔法反射.mp3","0_Reflect.wav","mp3","44100","pcm_s16le","48000","2","1111.27","1100.813","15.465","10.465","0","-8.5","28211","211434","0148E7DBA448A8D0B72C4060CFFF615265ED9A2A84562EB7D5C8A85436F05D92","00BA67DFF93E2BE691EF9DE4CB773D44E0872BADCF6BAA164FFEB815A3C11B2E","PASS","",""
"翼竜の鳴き声1.mp3","0_Wyvern1.wav","mp3","48000","pcm_s16le","48000","2","1010.708","1010.708","0","0","0","-7.9","25920","194134","F28561B98F4AC4526093020451681FE8C18B24A9AD444BF915BEB53D178E4C1A","1E833727CC2129A39F2B6162033F44534D59EC18A3EA68D92A50E34937BCC52F","PASS","",""
"翼竜の鳴き声2.mp3","0_Wyvern2.wav","mp3","48000","pcm_s16le","48000","2","1135.229","1112.75","27.479","22.479","0","-9.5","28800","213726","8E481FDD24E11749207B83A8D9665B5FE4E851717F770EABB97AE9E163969B2D","E4BF96843B9F576DDBFC437D1D85D1B6F40ADF415A7921E5979DB32ACCA1DA25","PASS","",""
"雷魔法1.mp3","0_Thunder1.wav","mp3","44100","pcm_s16le","48000","2","1268.005","1261.438","11.565","6.565","0","-3.2","31972","242274","5BD1862B8DB057E1DA6A30C6A432FC62E76CA9750A2ECBE80248F728F3CFBFF8","A303FD8E6FCE4EE5C20220AFBE5BCD5D23DF156AFD4AFCE33510DF5B0013411C","PASS","",""
"雷魔法2.mp3","0_Thunder2.wav","mp3","44100","pcm_s16le","48000","2","1503.107","1473.479","34.626","29.626","0","-4.9","37615","282986","0AFC318196E05A65F75BAC931A700253E8917FD1F7AE18721BE151B725D66BB6","BCF9669F73C0E41A46CDD4908211E95DFD77661FDDD591C62D0407AA5375F2F7","PASS","",""
"雷魔法4.mp3","0_Thunder3.wav","mp3","48000","pcm_s16le","48000","2","2997.375","2997.375","0","0","0","-4.6","73152","575574","1B2C576281E955413E0FB77AF706314801974B698D17B699B7A40591BF4D0706","745E104B67AD210818EB5616D72F6A9B6EEA7F4B6B64A972D099A433E615F762","PASS","",""
"腕を鳴らす.mp3","0_Knuckle.wav","mp3","44100","pcm_s16le","48000","2","217.868","217.875","0","0","0","-6","6895","41910","329711E7860E2F8A0859159BE9A542BDD5283A3CE5759EBA21317D1391F5E7EF","EA518A252BC0334245B2C86331AB1A97826E05CA3CC5C987A55F265EC624DAD4","PASS","",""
