"ID","名前","カテゴリ","説明文","レア度","基準レベル","価格","通常効果","軌道効果","攻撃力","ダメージ種別","掘削力","耐久力","重さ","画像番号","地面角度","リング角度","特殊タグ","効果テキスト","ST_C1","ST_R1","ST_S1","ST_C2","ST_R2","ST_S2","ST_C3","ST_R3","ST_S3","JK_C1","JK_R1","JK_S1","JK_C2","JK_R2","JK_S2","JK_C3","JK_R3","JK_S3","SC_C1","SC_R1","SC_S1","SC_C2","SC_R2","SC_S2","SC_C3","SC_R3","SC_S3","AS_C1","AS_R1","AS_S1","AS_C2","AS_R2","AS_S2","AS_C3","AS_R3","AS_S3","AS_C4","AS_R4","AS_S4","AS_C5","AS_R5","AS_S5","AS_C6","AS_R6","AS_S6","AS_C7","AS_R7","AS_S7","AS_C8","AS_R8","AS_S8","AS_C9","AS_R9","AS_S9"
"item_shovel","スコップ","掘削","魔女のまわりを回って土を掘る基本の道具。","1","1","190","none","terrain:dig:12:0","6","blunt","12","105","1.2","1","-35","outward","dig_tool,weapon,metal,medium,scoop","敵に打撃ダメージ（攻撃力6）｜土を掘れる（掘削力12）","81","48","25","65","30","13","26","11","5","1","","","","","","","","","","","","","","","","","","","","","","","","","","","","","","","","","","","","","","","","","","","",""
"item_forged_shovel","鍛造スコップ","掘削","鍛え直した金具で土をしっかり掘れるスコップ。基本品より丈夫で扱いやすい。","3","6","360","none","terrain:dig:16:0","9","blunt","16","130","1.25","197","-35","outward","dig_tool,weapon,metal,medium,scoop","敵に打撃ダメージ（攻撃力9）｜土を掘れる（掘削力16）","","","43","55","55","43","69","50","29","22","12","6","4","2","1","","","","","","","","","","","","","","","","","","","","","","","","","","","","","","","","","","","","","","",""
"item_silver_shovel","銀のスコップ","掘削","銀色に磨かれた扱いやすいスコップ。普通のスコップより軽快に土を掘れる。","5","10","520","none","terrain:dig:20:0","11","blunt","20","150","1.25","2","-35","outward","dig_tool,weapon,metal,medium,scoop","敵に打撃ダメージ（攻撃力11）｜土を掘れる（掘削力20）","","","","","","50","","56","57","53","48","30","26","21","12","7","5","3","","","","","","","","","","","","","","","","","","","","","","","","","","","","","","","","","","","",""
"item_gold_shovel","金のスコップ","掘削","金色に輝く上質なスコップ。掘削力が高く、深い地層でも頼りになる。","10","24","1050","none","terrain:dig:32:0","19","blunt","32","210","1.35","3","-35","outward","dig_tool,weapon,metal,medium,scoop","敵に打撃ダメージ（攻撃力19）｜土を掘れる（掘削力32）","","","","","","","","","","","","","","","","","","76","21","79","83","27","72","56","17","37","26","13","27","17","12","25","16","10","22","14","9","20","13","8","18","11","7","16","10","6","13","9","5","11","7","4","9","6"
"item_star_shovel","星のスコップ","掘削","星くずを混ぜて鍛えた軽いスコップ。深い地層でも星明かりのように道を開く。","10","28","1310","none","terrain:dig:40:0","22","magic","40","260","1.25","198","-35","outward","dig_tool,weapon,metal,magic,medium,scoop","敵に魔法ダメージ（攻撃力22）｜土を掘れる（掘削力40）","","","","","","","","","","","","","","","","","","","","","76","","72","87","27","79","67","27","73","53","25","67","48","23","61","44","20","55","40","18","49","35","16","43","31","14","37","26","11","30","22","9","24","18"
"item_chipped_pickaxe","欠けたツルハシ","掘削","先が欠けた古いツルハシ。頼りないが、硬い岩に少しだけ対抗できる。","1","3","220","none","terrain:dig_hard:13:0","8","pierce","13","80","1.6","199","-35","outward","dig_tool,weapon,metal,heavy,hard_dig_tool,pointed","敵に刺突ダメージ（攻撃力8）｜硬い地形を掘れる（掘削力13）","65","48","31","81","44","21","51","23","10","5","2","1","","","","","","","","","","","","","","","","","","","","","","","","","","","","","","","","","","","","","","","","","",""
"item_pickaxe","ツルハシ","掘削","硬い岩を割るための道具。土より岩に強い。","2","7","370","none","terrain:dig_hard:20:0","10","pierce","20","145","1.8","4","-35","outward","dig_tool,weapon,metal,heavy,hard_dig_tool,pointed","敵に刺突ダメージ（攻撃力10）｜硬い地形を掘れる（掘削力20）","","","34","","47","39","75","51","30","35","17","8","9","4","2","1","","","","","","","","","","","","","","","","","","","","","","","","","","","","","","","","","","","","","",""
"item_steel_pickaxe","鋼のツルハシ","掘削","鋼で補強されたツルハシ。硬い岩にも安定して食い込む。","5","15","670","none","terrain:dig_hard:28:0","15","pierce","28","180","1.95","200","-35","outward","dig_tool,weapon,metal,heavy,hard_dig_tool,pointed","敵に刺突ダメージ（攻撃力15）｜硬い地形を掘れる（掘削力28）","","","","","","","","","37","","56","57","57","62","44","45","39","23","11","9","5","2","1","1","","","","","","","","","","","","","","","","","","","","","","","","","","","","","",""
"item_rockbreaker_pickaxe","砕岩のツルハシ","掘削","分厚い岩盤を砕くために作られた重いツルハシ。硬い地形に特に強い。","8","22","950","none","terrain:dig_hard:36:0","19","pierce","36","220","2.1","5","-35","outward","dig_tool,weapon,metal,heavy,hard_dig_tool,pointed","敵に刺突ダメージ（攻撃力19）｜硬い地形を掘れる（掘削力36）","","","","","","","","","","","","","","","58","","56","75","39","72","58","31","45","30","12","16","11","8","10","6","7","9","6","7","9","5","6","8","5","5","7","4","5","6","4","4","5","3","3","4","3","3","3","2"
"item_sky_pickaxe","天空ツルハシ","掘削","空の魔力を帯びたツルハシ。重さを感じにくく、硬い地層を深く割る。","10","28","1290","none","terrain:dig_hard:44:0","23","pierce","44","255","1.9","201","-35","outward","dig_tool,weapon,metal,heavy,magic,hard_dig_tool,pointed","敵に刺突ダメージ（攻撃力23）｜硬い地形を掘れる（掘削力44）","","","","","","","","","","","","","","","","","","","","","76","","72","87","27","79","67","27","73","53","25","67","48","23","61","44","20","55","40","18","49","35","16","43","31","14","37","26","11","30","22","9","24","18"
"item_small_drill","小型ドリル","掘削","小さく扱いやすいドリル。一点を連続で削れるが、耐久は控えめ。","2","6","370","none","terrain:dig_multi:6:0","8","pierce","18","80","1.6","202","135","forward:+180","dig_tool,weapon,metal,medium,multi_hit","敵に刺突ダメージ（攻撃力8）｜連続で掘れる（掘削力18）","","","37","60","51","37","75","47","25","24","11","5","5","2","1","","","","","","","","","","","","","","","","","","","","","","","","","","","","","","","","","","","","","","",""
"item_drill","ドリル","掘削","当たった場所を連続で削る回転道具。一点突破に向く。","4","12","630","none","terrain:dig_multi:8:0","12","pierce","25","145","2","6","135","forward:+180","dig_tool,weapon,metal,heavy,multi_hit,pointed","敵に刺突ダメージ（攻撃力12）｜連続で掘れる（掘削力25）","","","","","","33","","","49","63","58","39","50","36","20","20","13","7","2","1","1","","","","","","","","","","","","","","","","","","","","","","","","","","","","","","","","",""
"item_steel_drill","鋼のドリル","掘削","鋼で補強されたドリル。重さはあるが、連続して硬い地面を削れる。","6","20","950","none","terrain:dig_multi:11:0","16","pierce","33","150","2.25","203","135","forward:+180","dig_tool,weapon,metal,heavy,multi_hit,hard_dig_tool","敵に刺突ダメージ（攻撃力16）｜連続で掘れる（掘削力33）","","","","","","","","","","","","41","","","60","40","65","60","47","51","33","24","22","13","6","5","3","3","3","2","3","3","1","3","3","1","2","2","1","2","2","1","2","2","1","2","2","1","1","1","1","1","1","1"
"item_earthrumble_drill","地鳴りのドリル","掘削","回転するたび地面を震わせる強力なドリル。重いが掘削性能は高い。","9","28","1330","none","terrain:dig_multi:14:0","20","pierce","41","230","2.6","7","135","forward:+180","dig_tool,weapon,metal,heavy,multi_hit,hard_dig_tool,pointed","敵に刺突ダメージ（攻撃力20）｜連続で掘れる（掘削力41）","","","","","","","","","","","","","","","","","","","","","71","","69","81","33","75","62","33","70","49","31","64","45","28","58","41","25","52","37","22","47","33","19","41","29","17","35","25","14","29","20","11","23","16"
"item_torch","松明","探索","暗い場所を照らす火のついた棒。少しだけ敵も焼ける。","1","1","160","none","area:light:5:0","4","fire","0","45","0.7","8","-25","fixed","light_source,wood,fire,small","敵に火ダメージ（攻撃力4）｜周囲を照らす（光量5）","61","36","14","48","23","7","19","8","3","1","","","","","","","","","","","","","","","","","","","","","","","","","","","","","","","","","","","","","","","","","","","",""
"item_good_torch","いい松明","探索","燃え方を整えた松明。普通の松明より少し明るく、少し長持ちする。","2","5","240","none","area:light:6:0","5","fire","0","75","0.75","204","-25","fixed","light_source,wood,fire,small","敵に火ダメージ（攻撃力5）｜周囲を照らす（光量6）","","30","21","52","40","19","52","30","11","11","5","2","2","1","","","","","","","","","","","","","","","","","","","","","","","","","","","","","","","","","","","","","","","",""
"item_great_torch","すごい松明","探索","よく燃える素材で作った頼れる松明。軽さを保ったまま広めに照らす。","4","12","400","none","area:light:7:0","6","fire","0","105","0.85","205","-25","fixed","light_source,wood,fire,medium","敵に火ダメージ（攻撃力6）｜周囲を照らす（光量7）","","","","","","18","","","27","47","44","21","38","27","11","15","10","4","1","1","","","","","","","","","","","","","","","","","","","","","","","","","","","","","","","","","",""
"item_lantern","ランタン","探索","広く照らせるランタン。松明より重いが明るい。","5","8","370","none","area:light:7:0","4","fire","0","75","1","9","0","fixed","light_source,metal,glass,medium","敵に火ダメージ（攻撃力4）｜周囲を照らす（光量7）","","","24","","36","31","40","48","27","27","22","9","8","6","3","1","1","","","","","","","","","","","","","","","","","","","","","","","","","","","","","","","","","","","","",""
"item_magic_lantern","魔導ランタン","探索","魔力で灯るランタン。火より静かで、暗い地底を安定して照らす。","6","14","510","none","area:light:8:0","4","magic","0","115","1.05","206","0","fixed","light_source,metal,glass,magic,medium","敵に魔法ダメージ（攻撃力4）｜周囲を照らす（光量8）","","","","","","","","","27","30","49","33","38","44","22","24","23","10","4","4","2","1","","","","","","","","","","","","","","","","","","","","","","","","","","","","","","","",""
"item_gold_lantern","金のランタン","探索","金色に磨かれた上質なランタン。重いが、明るさと丈夫さに優れる。","8","23","680","none","area:light:8:0","5","fire","0","135","1.15","207","0","fixed","light_source,metal,glass,fire,medium","敵に火ダメージ（攻撃力5）｜周囲を照らす（光量8）","","","","","","","","","","","","","","","27","","","39","27","56","36","27","42","21","13","18","9","9","12","5","9","11","5","8","10","5","7","9","4","6","8","4","5","7","3","5","6","3","4","5","2","3","4","2"
"item_moonlight_lantern","月明かりのランタン","探索","月のような淡い光を放つランタン。暗い地底を広く静かに照らす。","10","28","820","none","area:light:9:0","5","magic","0","125","1.1","10","0","fixed","light_source,metal,glass,magic,medium","敵に魔法ダメージ（攻撃力5）｜周囲を照らす（光量9）","","","","","","","","","","","","","","","","","","","","","42","","54","48","20","59","37","20","55","29","19","50","27","17","46","24","15","41","22","14","37","19","12","32","17","10","27","14","8","23","12","7","18","10"
"item_firefly_bottle","ホタル瓶","探索","ホタルが入った瓶。隠れたものに近づくと光が強くなる。","3","7","370","none","area:[detect_hidden,light]:[5,4]:0","2","magic","0","45","0.5","11","0","fixed","hidden_detector,glass,fragile,light_source,small,contact_damage,magic","敵に魔法ダメージ（攻撃力2）｜隠し要素を探知する｜周囲を照らす（光量4）","","","22","","37","25","52","41","19","24","14","5","6","3","1","1","","","","","","","","","","","","","","","","","","","","","","","","","","","","","","","","","","","","","",""
"item_compass","コンパス","探索","宝の気配がする方向をふらふら指す小さな道具。","3","6","340","none","area:detect_treasure:7:0","2","blunt","0","60","0.3","12","0","fixed","treasure_detector,metal,small,contact_damage","敵に打撃ダメージ（攻撃力2）｜宝を探知する（範囲7）","","","23","41","41","23","52","37","16","16","9","3","3","2","1","","","","","","","","","","","","","","","","","","","","","","","","","","","","","","","","","","","","","","",""
"item_gravity_stone","重力石","軌道","持つと少し重く感じる石。軌道を内側へ引き寄せる。","4","9","430","none","orbit:[orbit_gravity,orbit_power]:[0.86,1.12]:0","4","blunt","0","100","1.6","13","0","spin:80","stone,orbit_inner,heavy,medium","敵に打撃ダメージ（攻撃力4）｜軌道をまとまりやすくする（0.86倍）｜軌道出力を変える（1.12倍）","","","17","","","25","28","41","25","28","26","11","11","9","4","2","2","1","","","","","","","","","","","","","","","","","","","","","","","","","","","","","","","","","","","",""
"item_antigravity_stone","反重力石","軌道","ふわふわ浮く不思議な石。軌道を外側へ広げる。","4","9","420","none","orbit:[orbit_antigravity,orbit_speed]:[1.18,1.08]:0","3","blunt","0","80","0.4","14","0","spin:80","stone,orbit_outer,medium","敵に打撃ダメージ（攻撃力3）｜軌道を広げやすくする（1.18倍）｜軌道速度を変える（1.08倍）","","","17","","","25","28","41","25","28","26","11","11","9","4","2","2","1","","","","","","","","","","","","","","","","","","","","","","","","","","","","","","","","","","","",""
"item_orbit_stake","軌道杭","軌道","空中に軌道の芯を打ち込むための杭。位置ずらしを助ける。","5","13","570","none","orbit:[orbit_anchor,orbit_shift]:[1,1.22]:0","5","pierce","0","100","1.3","15","-35","outward","metal,medium,pointed","敵に刺突ダメージ（攻撃力5）｜軌道を安定させる｜軌道ずらし性能を変える（1.22倍）","","","","","","","","","26","30","45","26","30","34","16","15","14","6","2","2","1","","","","","","","","","","","","","","","","","","","","","","","","","","","","","","","","",""
"item_coin_bag","金貨袋","宝","金貨が詰まった袋。回すとじゃらじゃらうるさい。","2","3","240","none","enemy:coin_drop_chance:20:0","1","blunt","0","20","0.8","16","0","fixed","treasure,money,cloth,small,trinket","敵に打撃ダメージ（攻撃力1）｜コインを落としやすくする（20%）","12","12","8","16","11","5","10","5","2","1","1","","","","","","","","","","","","","","","","","","","","","","","","","","","","","","","","","","","","","","","","","","",""
"item_apple","リンゴ","回復","赤くて普通のリンゴ。食べると少し元気になる。","1","1","40","player:heal:24:0","enemy:heal:24:0","0","none","0","1","0.2","17","0","fixed","food,apple,consumable,small,soft,crisp","HPを回復する（24）","68","19","3","54","12","1","21","4","","1","","","","","","","","","","","","","","","","","","","","","","","","","","","","","","","","","","","","","","","","","","","",""
"item_good_apple","いいリンゴ","回復","つやがあっておいしそうなリンゴ。普通よりしっかり元気になる。","2","7","90","player:heal:48:0","enemy:heal:48:0","0","none","0","1","0.2","18","0","fixed","food,apple,consumable,small,soft,crisp","HPを回復する（48）","","","4","","19","4","63","21","3","29","7","1","7","2","","1","","","","","","","","","","","","","","","","","","","","","","","","","","","","","","","","","","","","","",""
"item_luxury_apple","高級リンゴ","回復","妙に高そうなリンゴ。食べるとかなり元気になる。","4","16","190","player:heal:90:0","enemy:heal:90:0","0","none","0","1","0.3","19","0","fixed","food,apple,consumable,small,soft,crisp","HPを回復する（90）","","","","","","","","","","","18","5","49","24","5","49","18","3","17","5","1","3","1","","","","","","","","","","","","","","","","","","","","","","","","","","","","","","",""
"item_power_macaron","力のマカロン","強化","食べると妙に力がわいてくるマカロン。","2","8","120","player:buff_attack:1.25:14","enemy:buff_attack:1.25:14","0","none","0","1","0.1","20","0","fixed","food,consumable,small","攻撃力を上げる（1.25倍）","","","9","","22","11","48","29","10","33","13","3","10","4","1","2","1","","","","","","","","","","","","","","","","","","","","","","","","","","","","","","","","","","","","",""
"item_speed_candy","すばやいアメ","強化","なめると足が軽くなるアメ。落ち着きも少しなくなる。","2","8","120","player:buff_speed:1.22:14","enemy:buff_speed:1.22:14","0","none","0","1","0.1","21","0","fixed","food,candy,consumable,small","移動速度を上げる（1.22倍）","","","9","","22","11","48","29","10","33","13","3","10","4","1","2","1","","","","","","","","","","","","","","","","","","","","","","","","","","","","","","","","","","","","",""
"item_hard_cookie","かたいクッキー","強化","歯ごたえが強すぎるクッキー。食べると妙に身が固まる。","2","8","120","player:buff_defense:1.25:14","enemy:buff_defense:1.25:14","1","blunt","0","2","0.2","22","0","fixed","food,cookie,consumable,small,hard","敵に打撃ダメージ（攻撃力1）｜防御力を上げる（1.25倍）","","","9","","22","11","48","29","10","33","13","3","10","4","1","2","1","","","","","","","","","","","","","","","","","","","","","","","","","","","","","","","","","","","","",""
"item_giant_potion","巨大化薬","強化","飲むと体が大きくなる薬。扱いを間違えると敵も大きくなる。","5","18","320","player:status_giant:1.45:12","enemy:status_giant:1.45:12","0","none","0","1","0.4","23","0","fixed","consumable,potion,glass,fragile,small","巨大化状態を付与（1.45倍）｜敵を巨大化させる","","","","","","","","","","","","14","","31","16","39","34","13","25","16","5","8","5","1","1","1","","1","","","1","","","","","","","","","","","","","","","","","","","","","","",""
"item_poison_apple","毒リンゴ","弱体","見るからに体に悪そうなリンゴ。食べない方がいい。","2","4","80","player:status_poison:1:8","enemy:status_poison:1:8","0","none","0","1","0.2","24","0","fixed","food,apple,consumable,poison,small,soft,crisp","毒状態を付与｜敵を毒させる","","14","3","44","15","2","35","10","1","5","1","","1","","","","","","","","","","","","","","","","","","","","","","","","","","","","","","","","","","","","","","","","",""
"item_slow_candy","のろまアメ","弱体","食べると動きが重くなるアメ。味も少し重い。","2","4","80","player:status_slow:0.65:8","enemy:status_slow:0.65:8","0","none","0","1","0.1","25","0","fixed","food,candy,consumable,small","鈍足状態を付与｜敵を鈍足させる","","14","3","44","15","2","35","10","1","5","1","","1","","","","","","","","","","","","","","","","","","","","","","","","","","","","","","","","","","","","","","","","",""
"item_paralyze_apple","麻痺リンゴ","弱体","舌がしびれるリンゴ。食べる理由はあまりない。","3","8","120","player:status_paralyze:1:8","enemy:status_paralyze:1:8","0","none","0","1","0.2","26","0","fixed","food,apple,consumable,small,soft,crisp","麻痺状態を付与（8秒）｜敵を麻痺させる（8秒）","","","3","","13","4","37","17","3","25","8","1","8","2","","1","","","","","","","","","","","","","","","","","","","","","","","","","","","","","","","","","","","","","",""
"item_sleep_apple","ねむリンゴ","弱体","食べると強烈に眠くなるリンゴ。とても静か。","3","8","120","player:status_sleep:1:8","enemy:status_sleep:1:8","0","none","0","1","0.2","27","0","fixed","food,apple,consumable,small,soft,crisp","睡眠状態を付与（8秒）｜敵を睡眠させる（8秒）","","","3","","13","4","37","17","3","25","8","1","8","2","","1","","","","","","","","","","","","","","","","","","","","","","","","","","","","","","","","","","","","","",""
"item_soft_cookie","ふにゃクッキー","弱体","食べると体の力が抜けるクッキー。持つだけで少し不安。","3","8","130","player:debuff_defense:0.75:10","enemy:debuff_defense:0.75:10","0","none","0","1","0.2","28","0","fixed","food,cookie,consumable,small,soft","敵の防御力を下げる（0.75倍）","","","3","","13","4","37","17","3","25","8","1","8","2","","1","","","","","","","","","","","","","","","","","","","","","","","","","","","","","","","","","","","","","",""
"item_fire_book","火の魔導書","魔導書","火の魔法が書かれた本。近くで読むと少し熱い。","4","9","510","player:cast_fire:12:1","player:cast_fire:12:0;area:light:2:0","11","fire","0","32","0.6","29","0","fixed","book,magic,paper,fragile,fire,small","敵に火ダメージ（攻撃力11）｜火魔法を発動する（威力12）","","","49","","","72","23","66","72","23","41","30","9","15","11","2","3","2","","","","","","","","","","","","","","","","","","","","","","","","","","","","","","","","","","","",""
"item_inferno_book","業炎の魔導書","魔導書","激しい炎の魔法が書かれた上級の魔導書。ページの端が赤くゆらめいている。","6","21","980","player:cast_fire:20:0.7","player:cast_fire:20:0;area:light:2:0","18","fire","0","48","0.7","30","0","fixed","book,magic,paper,fragile,fire,small","敵に火ダメージ（攻撃力18）｜火魔法を発動する（威力20）","","","","","","","","","","","","","","","81","","67","90","23","67","60","15","35","28","5","10","8","3","6","4","3","6","4","2","5","4","2","5","3","2","4","3","2","4","3","1","3","2","1","3","2","1","2","1"
"item_ice_book","氷の魔導書","魔導書","氷の魔法が書かれた本。ページが少し冷たい。","4","8","500","player:cast_ice:9:1.2","player:cast_ice:9:0;area:light:2:0","11","ice","0","32","0.6","31","0","fixed","book,magic,paper,fragile,ice,small","敵に氷ダメージ（攻撃力11）｜氷魔法を発動する（威力9）","","","58","","51","75","27","68","66","18","31","22","6","9","7","1","1","1","","","","","","","","","","","","","","","","","","","","","","","","","","","","","","","","","","","",""
"item_icecrystal_book","氷晶の魔導書","魔導書","氷晶の魔法が書かれた上級の魔導書。開くと細かな氷の粒がこぼれる。","6","20","970","player:cast_ice:15:0.8","player:cast_ice:15:0;area:light:2:0","17","ice","0","46","0.7","32","0","fixed","book,magic,paper,fragile,ice,small","敵に氷ダメージ（攻撃力17）｜氷魔法を発動する（威力15）","","","","","","","","","","","","60","","","89","19","73","89","22","57","48","11","25","19","3","6","5","1","3","2","1","3","2","1","3","2","1","3","2","1","2","2","1","2","1","1","2","1","1","1","1","","1","1"
"item_thunder_book","雷の魔導書","魔導書","雷の魔法が書かれた本。たまに勝手に光る。","5","11","610","player:cast_thunder:7:1.6","player:cast_thunder:7:0;area:light:2:0","13","thunder","0","34","0.6","33","0","fixed","book,magic,paper,fragile,thunder,small","敵に雷ダメージ（攻撃力13）｜雷魔法を発動する（威力7）","","","","","","65","","54","84","26","63","54","16","33","25","5","10","7","","1","1","","","","","","","","","","","","","","","","","","","","","","","","","","","","","","","","",""
"item_thunderclap_book","雷鳴の魔導書","魔導書","雷鳴の魔法が書かれた上級の魔導書。閉じていても低く鳴っている。","7","25","1160","player:cast_thunder:11:1.0","player:cast_thunder:11:0;area:light:2:0","20","thunder","0","50","0.7","34","0","fixed","book,magic,paper,fragile,thunder,small","敵に雷ダメージ（攻撃力20）｜雷魔法を発動する（威力11）","","","","","","","","","","","","","","","","","","78","","70","90","21","77","78","16","48","41","13","37","28","12","34","26","11","31","24","10","28","21","9","25","19","8","22","17","7","19","14","6","15","12","4","12","9"
"item_wind_book","風の魔導書","魔導書","風の魔法が書かれた本。開くとページが勝手にめくれる。","4","7","490","player:cast_wind:9:1.2","player:cast_wind:9:0;area:light:2:0","11","wind","0","32","0.5","35","0","fixed","book,magic,paper,fragile,wind,small","敵に風ダメージ（攻撃力11）｜風魔法を発動する（威力9）｜敵をノックバックさせる（1）","","","66","","60","75","29","66","58","13","22","16","3","5","4","","1","1","","","","","","","","","","","","","","","","","","","","","","","","","","","","","","","","","","","",""
"item_gale_book","疾風の魔導書","魔導書","疾風の魔法が書かれた上級の魔導書。持つと周囲の空気が細く流れる。","6","19","940","player:cast_wind:15:0.8","player:cast_wind:15:0;area:light:2:0","17","wind","0","44","0.55","36","0","fixed","book,magic,paper,fragile,wind,small","敵に風ダメージ（攻撃力17）｜風魔法を発動する（威力15）｜敵をノックバックさせる（1.5）","","","","","","","","","","","","71","","57","90","22","76","81","19","46","37","7","16","13","1","3","2","1","2","1","1","1","1","1","1","1","1","1","1","","1","1","","1","1","","1","1","","1","","","1",""
"item_earth_book","土の魔導書","魔導書","土の魔法が書かれた本。少し土のにおいがする。","5","12","680","player:cast_earth:8:1.2","player:cast_earth:8:0;area:light:2:0","13","earth","10","45","0.8","37","0","fixed","book,magic,paper,earth,magic_dig_tool,medium","敵に土ダメージ（攻撃力13）｜土魔法を発動する（威力8）｜土を掘れる（掘削力10）","","","","","","54","","","80","26","69","65","21","43","34","8","15","12","1","1","1","","","","","","","","","","","","","","","","","","","","","","","","","","","","","","","","",""
"item_earthvein_book","地脈の魔導書","魔導書","地脈の魔法が書かれた上級の魔導書。地面の奥を流れる魔力に反応する。","7","24","1240","player:cast_earth:13:0.8","player:cast_earth:13:0;area:light:2:0","19","earth","20","60","0.9","38","0","fixed","book,magic,paper,earth,magic_dig_tool,medium","敵に土ダメージ（攻撃力19）｜土魔法を発動する（威力13）｜硬い地形を掘れる（掘削力20）","","","","","","","","","","","","","","","","","","89","16","77","90","21","70","66","13","36","30","10","26","20","9","24","18","8","22","17","7","20","15","6","18","13","6","15","12","5","13","10","4","11","8","3","9","7"
"item_iron_sword","鉄の剣","武器","扱いやすい普通の剣。攻撃力と重さのバランスがよい。","2","6","410","none","none","18","slash","1","75","1.5","39","-25","outward","weapon,metal,blade,medium","敵に斬撃ダメージ（攻撃力18）","","","49","44","62","49","55","56","33","17","14","7","3","3","1","","","","","","","","","","","","","","","","","","","","","","","","","","","","","","","","","","","","","","",""
"item_ice_sword","氷の剣","武器","冷たい刃を持つ剣。斬りつけた敵に氷の力を流し込む。","4","14","820","none","item:slash_power:1.12:0","31","ice","1","95","1.45","40","-25","outward","weapon,metal,blade,ice,medium","敵に氷ダメージ（攻撃力31）","","","","","","","","","51","37","70","64","46","64","43","29","33","20","5","6","3","1","1","","","","","","","","","","","","","","","","","","","","","","","","","","","","","","",""
"item_silver_sword","銀の剣","武器","軽く磨かれた銀色の剣。振り抜きやすく、急所を狙いやすい。","4","13","830","none","item:[critical_chance,critical_power]:[18,1.5]:0","30","slash","1","90","1.05","41","-25","outward","weapon,metal,blade,medium","敵に斬撃ダメージ（攻撃力30）｜会心率を上げる（18%）","","","","","","","","","58","43","72","58","43","54","35","21","23","14","3","3","2","","","","","","","","","","","","","","","","","","","","","","","","","","","","","","","","",""
"item_flameblade_sword","炎刃の剣","武器","炎をまとった刃を持つ剣。癖が少なく、火力も安定している。","5","17","1020","none","item:slash_power:1.15:0","36","fire","1","100","1.55","42","-25","outward","weapon,metal,blade,fire,medium","敵に火ダメージ（攻撃力36）","","","","","","","","","","","","71","33","74","71","42","67","48","19","25","16","5","6","4","1","1","1","","","","","","","","","","","","","","","","","","","","","","","","","","",""
"item_galaxy_sword","銀河の剣","武器","星の流れを刃に宿した最上位の剣。攻撃、会心、扱いやすさのすべてが高い。","7","27","1580","none","item:[critical_chance,critical_power]:[14,1.6]:0;orbit:orbit_power:1.1:0","50","slash","2","130","1.6","43","-25","outward","weapon,metal,blade,magic,medium","敵に斬撃ダメージ（攻撃力50）｜会心率を上げる（14%）｜軌道出力を変える（1.1倍）","","","","","","","","","","","","","","","","","","","","","86","26","82","86","33","75","58","31","65","44","28","60","40","26","54","37","23","49","33","21","44","29","18","38","26","15","33","22","13","27","18","10","22","15"
"item_great_sword","大剣","武器","重く大きな剣。扱いにくいが、当たれば強い。","4","15","880","none","enemy:knockback:1:0","37","slash","1","120","3.5","44","-25","outward","weapon,metal,blade,heavy,large","敵に斬撃ダメージ（攻撃力37）｜敵をノックバックさせる（1）","","","","","","","","","43","","64","67","46","70","51","37","44","27","9","10","6","1","1","1","","","","","","","","","","","","","","","","","","","","","","","","","","","","","",""
"item_giantblade_great_sword","巨刃の大剣","武器","巨大な刃を持つ大剣。回転に巻き込まれた敵を力任せに弾く。","6","25","1430","none","enemy:knockback:1.45:0","51","slash","2","150","4.3","45","-25","outward","weapon,metal,blade,heavy,large","敵に斬撃ダメージ（攻撃力51）｜敵をノックバックさせる（1.45）","","","","","","","","","","","","","","","","","","63","","71","82","37","78","63","29","49","33","24","38","23","22","35","21","20","31","19","18","28","17","16","25","15","14","22","13","12","19","11","10","16","10","8","13","8"
"item_starbreaker_great_sword","星砕きの大剣","武器","星の殻すら砕くと言われる重い大剣。速く回るほど破壊力が増す。","8","30","1980","none","orbit:damage_speed:1.32:0","60","slash","3","175","5.4","46","-25","outward","weapon,metal,blade,heavy,large","敵に斬撃ダメージ（攻撃力60）｜速度によるダメージ補正を強める（1.32倍）","","","","","","","","","","","","","","","","","","","","","64","","","90","22","86","90","27","90","81","24","83","74","22","76","67","20","68","61","18","61","54","16","53","47","13","45","40","11","38","34","9","30","27"
"item_spear","槍","武器","長い柄を持つ武器。少し離れた敵に当てやすい。","3","8","540","none","none","24","pierce","1","80","1.8","47","-35","outward","weapon,metal,pierce,medium,long_reach,pointed","敵に刺突ダメージ（攻撃力24）","","","45","","51","59","47","68","51","32","31","17","10","9","5","2","1","1","","","","","","","","","","","","","","","","","","","","","","","","","","","","","","","","","","","",""
"item_steel_spear","鋼の槍","武器","鋼で補強された槍。長いリーチを保ったまま、攻撃力が上がっている。","5","18","1030","none","none","39","pierce","1","105","2","48","-35","outward","weapon,metal,pierce,medium,long_reach,pointed","敵に刺突ダメージ（攻撃力39）","","","","","","","","","","","","65","","67","74","42","74","57","26","35","22","8","10","7","1","2","1","1","1","","1","1","","","1","","","1","","","","","","","","","","","","","","","",""
"item_meteor_spear","流星の槍","武器","流星のように外側を切り裂く槍。遠い間合いから急所を貫く。","7","27","1530","none","item:[critical_chance,critical_power,item_orbit_offset]:[16,1.55,12]:0","49","pierce","2","125","2.15","49","-35","outward","weapon,metal,pierce,medium,long_reach,pointed","敵に刺突ダメージ（攻撃力49）｜会心率を上げる（16%）","","","","","","","","","","","","","","","","","","","","","86","26","82","86","33","75","58","31","65","44","28","60","40","26","54","37","23","49","33","21","44","29","18","38","26","15","33","22","13","27","18","10","22","15"
"item_hammer","鉄ハンマー","武器","重い頭で敵を叩く武器。まれに敵をひるませる。","3","10","690","none","enemy:status_stun_chance:20:1","29","blunt","4","95","2.8","50","-35","outward","weapon,metal,heavy,medium","敵に打撃ダメージ（攻撃力29）｜敵を気絶させる（20%）","","","","","","51","","60","59","47","51","31","23","22","12","6","5","3","","","","","","","","","","","","","","","","","","","","","","","","","","","","","","","","","","","",""
"item_rockcrusher_mace","岩砕きの槌","武器","岩を砕くために作られた重い槌。硬い地形に強く、敵もひるませる。","5","20","1230","none","terrain:dig_hard:10:0;enemy:[status_stun_chance,knockback]:[22,1.15]:1","44","blunt","10","140","3.4","51","-35","outward","weapon,metal,heavy,medium,hard_dig_tool","敵に打撃ダメージ（攻撃力44）｜硬い地形を掘れる（掘削力10）｜敵を気絶させる（22%）｜敵をノックバックさせる（1.15）","","","","","","","","","","","","48","","","71","33","74","71","39","58","39","19","25","16","5","6","4","3","3","2","2","3","2","2","3","2","2","3","1","2","2","1","2","2","1","1","2","1","1","1","1","1","1","1"
"item_steel_hammer","鋼鉄ハンマー","武器","鋼鉄で作られた重いハンマー。敵を強く打ち据え、硬い地形にも食い込む。","6","22","1410","none","terrain:dig_hard:9:0;enemy:[status_stun_chance,knockback]:[26,1.35]:1.1","48","blunt","9","130","3.6","208","-35","outward","weapon,metal,heavy,medium,hard_dig_tool","敵に打撃ダメージ（攻撃力48）｜硬い地形を掘れる（掘削力9）｜敵を気絶させる（26%）｜敵をノックバックさせる（1.35）","","","","","","","","","","","","","","","63","","61","82","37","78","63","29","49","33","12","17","12","7","11","7","7","10","6","6","9","6","6","8","5","5","7","5","4","6","4","4","6","3","3","5","3","2","4","2"
"item_earthsplit_mace","地割りの槌","武器","地面を割るような衝撃を出す槌。敵を強く吹き飛ばし、硬い地形も壊す。","7","28","1680","none","terrain:dig_hard:8:0;enemy:[status_stun_chance,knockback]:[30,1.55]:1.2","54","blunt","8","155","3.9","52","-35","outward","weapon,metal,heavy,medium,hard_dig_tool","敵に打撃ダメージ（攻撃力54）｜硬い地形を掘れる（掘削力8）｜敵を気絶させる（30%）｜敵をノックバックさせる（1.55）","","","","","","","","","","","","","","","","","","","","","79","","75","90","33","82","69","33","76","55","31","70","50","28","64","46","25","57","41","22","51","37","19","45","32","17","38","27","14","32","23","11","25","18"
"item_bat","バット","武器","木でできた棒状の武器。飛んできたものを打ち返せる。","2","3","310","none","projectile:reflect_physical:1:0","15","blunt","0","60","1","53","-35","outward","weapon,wood,medium,projectile_counter","敵に打撃ダメージ（攻撃力15）｜物理弾を反射","44","62","49","55","56","33","35","29","15","3","3","1","","","","","","","","","","","","","","","","","","","","","","","","","","","","","","","","","","","","","","","","","",""
"item_metal_bat","金属バット","武器","金属製のバット。木のバットより重いが、反射と打撃性能が高い。","4","12","780","none","projectile:reflect_physical_chance:65:0;enemy:knockback:1.25:0","28","blunt","0","90","1.7","54","-35","outward","weapon,metal,medium,projectile_counter","敵に打撃ダメージ（攻撃力28）｜物理弾を確率で反射（65%）｜敵をノックバックさせる（1.25）","","","","","","43","","","64","46","70","51","37","44","27","14","16","9","1","1","1","","","","","","","","","","","","","","","","","","","","","","","","","","","","","","","","",""
"item_destruction_bat","破壊のバット","武器","殴ることだけを考えて作られた危険なバット。敵も弾も力任せに吹き飛ばす。","6","23","1370","none","projectile:reflect_physical:1:0;enemy:knockback:1.65:0","42","blunt","1","125","2.3","55","-35","outward","weapon,metal,heavy,medium,projectile_counter","敵に打撃ダメージ（攻撃力42）｜物理弾を反射｜敵をノックバックさせる（1.65）","","","","","","","","","","","","","","","53","","","79","34","81","72","34","61","43","17","26","17","12","18","11","11","16","10","10","15","9","9","13","8","8","12","7","7","10","6","6","9","5","5","7","5","4","6","4"
"item_frying_pan","フライパン","武器","料理より防御に向いている気がするフライパン。","3","4","410","none","projectile:guard:1:0;projectile:reflect_physical_chance:40:0","18","blunt","0","70","1.3","56","-35","outward","weapon,metal,medium,guard_projectile,projectile_counter","敵に打撃ダメージ（攻撃力18）｜弾を防ぐ｜物理弾を確率で反射（40%）","","60","59","50","66","45","40","41","24","6","5","3","1","1","","","","","","","","","","","","","","","","","","","","","","","","","","","","","","","","","","","","","","","",""
"item_bowling_ball","ボウリングの玉","武器","やたら重い玉。速く回るほどひどいことになる。","5","18","970","none","orbit:damage_speed:1:0","42","blunt","2","120","5","57","0","spin:180","weapon,heavy,round,large","敵に打撃ダメージ（攻撃力42）｜速度によるダメージ補正を強める（1倍）","","","","","","","","","","","","65","","67","74","42","74","57","26","35","22","8","10","7","1","2","1","1","1","","1","1","","","1","","","1","","","","","","","","","","","","","","","",""
"item_spiked_bat","釘バット","武器","釘が打ち込まれた危ないバット。打ち返すより殴る方に向く。","5","16","850","none","none","35","pierce","0","95","1.4","58","-35","outward","weapon,wood,metal,medium","敵に刺突ダメージ（攻撃力35）","","","","","","","","","","","58","74","39","76","65","39","58","39","13","17","11","3","3","2","","","","","","","","","","","","","","","","","","","","","","","","","","","","","",""
"item_hard_bread","かたいパン","武器","食べ物のはずだが、ほとんど鈍器。","2","2","190","player:heal:8:0","enemy:status_stun_chance:5:1","7","blunt","0","15","0.3","59","-35","outward","food,weapon,consumable,small","敵に打撃ダメージ（攻撃力7）｜HPを回復する（8）｜敵を気絶させる（5%）","51","64","45","51","48","26","25","21","11","2","1","1","","","","","","","","","","","","","","","","","","","","","","","","","","","","","","","","","","","","","","","","","",""
"item_wood_shield","木の盾","盾","木でできた軽い盾。頼りないが、ないよりはずっといい。","2","4","220","none","projectile:guard:1:0","2","blunt","0","65","1.2","60","-10","outward","shield,wood,guard_projectile,medium,contact_damage","敵に打撃ダメージ（攻撃力2）｜弾を防ぐ","","64","57","58","71","44","46","44","23","7","6","3","1","1","","","","","","","","","","","","","","","","","","","","","","","","","","","","","","","","","","","","","","","",""
"item_iron_shield","鉄の盾","盾","鉄でできた盾。重いぶんしっかり防ぐ。","4","10","440","none","projectile:guard:1.4:0","4","blunt","0","105","2.5","61","-10","outward","shield,metal,guard_projectile,guard_contact,heavy,medium,contact_damage","敵に打撃ダメージ（攻撃力4）｜弾を防ぐ","","","","","","66","","73","75","45","62","39","22","27","16","6","7","4","","","","","","","","","","","","","","","","","","","","","","","","","","","","","","","","","","","",""
"item_spike_shield","トゲ盾","盾","表面にトゲがついた盾。守るついでに刺さる。","5","14","620","none","projectile:guard:1:0","15","pierce","0","105","2","62","-10","outward","shield,metal,spike,guard_projectile,contact_damage,medium","敵に刺突ダメージ（攻撃力15）｜弾を防ぐ","","","","","","","","","65","35","85","80","44","77","54","28","40","25","5","7","4","1","1","1","","","","","","","","","","","","","","","","","","","","","","","","","","","","","",""
"item_mirror_shield","ミラーシールド","盾","表面が鏡のように光る盾。魔法を跳ね返す。","6","18","770","none","projectile:[reflect_magic,reflect_water]:[1,1]:0","7","magic","0","105","1.8","63","-10","outward","shield,metal,magic,projectile_counter,medium,contact_damage","敵に魔法ダメージ（攻撃力7）｜魔法弾を反射｜水弾を反射","","","","","","","","","","","","81","","82","90","39","90","71","25","42","28","8","13","8","1","2","1","1","1","1","1","1","1","","1","","","1","","","1","","","1","","","","","","","","","",""
"item_holey_shield","穴あき盾","盾","穴だらけの盾。防げるものと防げないものがはっきりしている。","3","6","350","none","projectile:guard_large:1:0","3","blunt","0","70","0.9","64","-10","outward","shield,wood,guard_large_projectile,medium,contact_damage","敵に打撃ダメージ（攻撃力3）｜大型弾を防ぐ","","","63","42","75","63","53","69","43","17","17","9","3","3","2","","","","","","","","","","","","","","","","","","","","","","","","","","","","","","","","","","","","","","",""
"item_starsteel_shield","星鋼の盾","盾","星の光を含んだ鋼で作られた盾。重いが、弾を受け止める力が強い。","7","24","1110","none","projectile:guard:1.8:0;projectile:reflect_physical_chance:35:0","6","blunt","0","140","3","65","-10","outward","shield,metal,magic,guard_projectile,projectile_counter,heavy","敵に打撃ダメージ（攻撃力6）｜弾を防ぐ｜物理弾を確率で反射（35%）","","","","","","","","","","","","","","","","","","89","27","90","90","35","86","66","22","45","30","16","32","20","15","30","18","14","27","17","12","24","15","11","21","13","10","19","12","8","16","10","7","13","8","5","11","7"
"item_guardianstar_greatshield","守護星の大盾","盾","守護星の加護を宿した最上位の大盾。非常に重いが、多くの弾を受け止める。","9","29","1670","none","projectile:[guard,guard_large,reflect_physical_chance,reflect_magic_chance,reflect_water_chance]:[2.2,1,45,25,25]:0","8","magic","0","180","4.2","66","-10","outward","shield,metal,magic,guard_projectile,guard_large_projectile,projectile_counter,heavy,large","敵に魔法ダメージ（攻撃力8）｜弾を防ぐ｜大型弾を防ぐ｜物理弾を確率で反射（45%）｜魔法弾を確率で反射（25%）｜水弾を確率で反射（25%）","","","","","","","","","","","","","","","","","","","","","90","","81","90","23","90","90","26","90","86","24","90","79","21","88","72","19","79","65","17","70","58","15","62","50","13","53","43","11","44","36","9","35","29"
"treasure_asakou_01","くすんだ銀貨","宝","くすんだ銀貨。拠点で売却できる換金用の宝。","1","1","100","none","terrain:dig:1:0","2","blunt","1","15","0.05","67","0","spin:120","treasure,money,metal,small,round,trinket,contact_damage","敵に打撃ダメージ（攻撃力2）","17","11","5","13","7","3","5","2","1","","","","","","","","","","","","","","","","","","","","","","","","","","","","","","","","","","","","","","","","","","","","",""
"treasure_asakou_02","古びた銅貨束","宝","古びた銅貨束。拠点で売却できる換金用の宝。","1","1","110","none","terrain:dig:2:0","2","blunt","2","20","0.12","68","0","spin:120","treasure,money,metal,small,round,trinket,contact_damage","敵に打撃ダメージ（攻撃力2）","17","11","5","13","7","3","5","2","1","","","","","","","","","","","","","","","","","","","","","","","","","","","","","","","","","","","","","","","","","","","","",""
"treasure_asakou_03","銀の腕輪","宝","銀の腕輪。拠点で売却できる換金用の宝。","2","3","280","none","terrain:dig:1:0","2","blunt","1","20","0.18","69","0","fixed","treasure,metal,small,round,jewelry,trinket,contact_damage","敵に打撃ダメージ（攻撃力2）","12","12","8","16","11","5","10","5","2","1","1","","","","","","","","","","","","","","","","","","","","","","","","","","","","","","","","","","","","","","","","","","",""
"treasure_asakou_04","鉱夫の記章","宝","鉱夫の記章。拠点で売却できる換金用の宝。","2","3","180","none","terrain:dig:1:0","2","blunt","1","20","0.08","70","0","fixed","treasure,relic,metal,small,contact_damage","敵に打撃ダメージ（攻撃力2）","12","12","8","16","11","5","10","5","2","1","1","","","","","","","","","","","","","","","","","","","","","","","","","","","","","","","","","","","","","","","","","","",""
"treasure_asakou_06","青鉱石","宝","冷気を帯びた青い鉱石。リングに乗せると氷の力をまとった接触ダメージを与える。","1","2","150","none","none","3","ice","0","45","0.35","72","0","fixed","treasure,ore,stone,ice,medium,contact_damage","敵に氷ダメージ（攻撃力3）","16","11","6","16","8","3","8","4","1","1","","","","","","","","","","","","","","","","","","","","","","","","","","","","","","","","","","","","","","","","","","","",""
"treasure_asakou_07","赤鉱石","宝","熱を帯びた赤い鉱石。リングに乗せると火の力をまとった接触ダメージを与える。","1","2","150","none","none","3","fire","0","45","0.35","73","0","fixed","treasure,ore,stone,fire,medium,contact_damage","敵に火ダメージ（攻撃力3）","16","11","6","16","8","3","8","4","1","1","","","","","","","","","","","","","","","","","","","","","","","","","","","","","","","","","","","","","","","","","","","",""
"treasure_asakou_08","緑鉱石","宝","風を帯びた緑の鉱石。リングに乗せると風の力をまとった接触ダメージを与える。","1","2","140","none","none","3","wind","0","40","0.35","74","0","fixed","treasure,ore,stone,wind,medium,contact_damage","敵に風ダメージ（攻撃力3）","16","11","6","16","8","3","8","4","1","1","","","","","","","","","","","","","","","","","","","","","","","","","","","","","","","","","","","","","","","","","","","",""
"treasure_asakou_09","古い真鍮ベル","宝","古い真鍮製のベル。リングでぶつけると音が鳴り、敵をひるませることがある。","2","4","210","none","orbit:hit_sound:2:0;enemy:status_stun_chance:15:1.2;terrain:dig:2:0","2","blunt","2","30","0.28","75","-10","fixed","treasure,relic,metal,small,round,noisy,contact_damage,hollow,resonant,trinket","敵に打撃ダメージ（攻撃力2）｜敵を気絶させる（15%）","","11","8","16","12","6","12","7","3","2","1","","","","","","","","","","","","","","","","","","","","","","","","","","","","","","","","","","","","","","","","","","",""
"treasure_asakou_10","ひび入りの鏡","宝","ひびの入った古い鏡。鏡面に残った力で魔法弾を低確率で反射する。","1","1","110","none","projectile:reflect_magic_chance:12:0;terrain:dig:1:0","1","blunt","1","6","0.25","76","0","fixed","treasure,relic,glass,mirror,small,fragile,contact_damage","敵に打撃ダメージ（攻撃力1）｜魔法弾を確率で反射（12%）","17","11","5","13","7","3","5","2","1","","","","","","","","","","","","","","","","","","","","","","","","","","","","","","","","","","","","","","","","","","","","",""
"treasure_asakou_11","宝石箱","宝","宝石箱。拠点で売却できる換金用の宝。","3","6","360","none","terrain:dig:2:0","4","blunt","2","55","0.7","77","0","fixed","treasure,relic,wood,metal,medium,container,contact_damage","敵に打撃ダメージ（攻撃力4）","","","9","11","12","9","14","11","6","5","3","1","1","1","","","","","","","","","","","","","","","","","","","","","","","","","","","","","","","","","","","","","","","",""
"treasure_asakou_12","古い燭台","宝","古い燭台。拠点で売却できる換金用の宝。","2","4","220","none","terrain:dig:3:0","3","blunt","3","40","0.45","78","-10","fixed","treasure,relic,metal,medium,contact_damage","敵に打撃ダメージ（攻撃力3）","","11","8","16","12","6","12","7","3","2","1","","","","","","","","","","","","","","","","","","","","","","","","","","","","","","","","","","","","","","","","","","",""
"treasure_asakou_13","銀のティーカップ","宝","銀のティーカップ。拠点で売却できる換金用の宝。","2","4","230","none","terrain:dig:1:0","3","blunt","1","25","0.18","79","0","fixed","treasure,relic,metal,small,round,vessel,contact_damage","敵に打撃ダメージ（攻撃力3）","","11","8","16","12","6","12","7","3","2","1","","","","","","","","","","","","","","","","","","","","","","","","","","","","","","","","","","","","","","","","","","",""
"treasure_asakou_14","金装飾の椅子","宝","金装飾の椅子。拠点で売却できる換金用の宝。","3","7","450","none","terrain:dig:3:0","5","blunt","3","85","2.4","80","0","fixed","treasure,relic,wood,metal,large,heavy,contact_damage","敵に打撃ダメージ（攻撃力5）","","","8","","11","9","14","12","7","7","4","2","2","1","","","","","","","","","","","","","","","","","","","","","","","","","","","","","","","","","","","","","","","",""
"treasure_asakou_15","錆びた鍵束","宝","錆びた鍵束。拠点で売却できる換金用の宝。","1","2","110","none","terrain:dig:2:0","2","blunt","2","20","0.16","81","-15","fixed","treasure,relic,metal,small,trinket,contact_damage","敵に打撃ダメージ（攻撃力2）","16","11","6","16","8","3","8","4","1","1","","","","","","","","","","","","","","","","","","","","","","","","","","","","","","","","","","","","","","","","","","","",""
"treasure_asakou_16","銀縁の額縁","宝","銀縁の額縁。拠点で売却できる換金用の宝。","2","4","230","none","terrain:dig:1:0","3","blunt","1","40","0.5","82","-10","fixed","treasure,relic,wood,metal,medium,contact_damage","敵に打撃ダメージ（攻撃力3）","","11","8","16","12","6","12","7","3","2","1","","","","","","","","","","","","","","","","","","","","","","","","","","","","","","","","","","","","","","","","","","",""
"treasure_asakou_17","古の懐中時計","宝","古い時代の懐中時計。リングで当てると時間が乱れ、敵を鈍らせることがある。","3","7","370","none","enemy:status_slow_chance:28:8;terrain:dig:1:0","2","magic","1","30","0.12","83","0","fixed","treasure,relic,metal,timepiece,small,contact_damage,trinket","敵に魔法ダメージ（攻撃力2）｜敵を鈍足させる（28%、8秒）","","","8","","11","9","14","12","7","7","4","2","2","1","","","","","","","","","","","","","","","","","","","","","","","","","","","","","","","","","","","","","","","",""
"treasure_asakou_18","木彫りの女神像","宝","木彫りの女神像。拠点で売却できる換金用の宝。","2","5","340","none","none","4","blunt","0","40","0.8","84","0","fixed","treasure,relic,wood,holy,medium,contact_damage","敵に打撃ダメージ（攻撃力4）","","9","8","15","12","7","15","9","4","3","2","1","","","","","","","","","","","","","","","","","","","","","","","","","","","","","","","","","","","","","","","","","",""
"treasure_asakou_19","ガーネット","宝","ガーネット。拠点で売却できる換金用の宝。","3","6","340","none","terrain:dig:2:0","2","blunt","2","25","0.08","85","0","fixed","treasure,gem,stone,small,contact_damage","敵に打撃ダメージ（攻撃力2）","","","9","11","12","9","14","11","6","5","3","1","1","1","","","","","","","","","","","","","","","","","","","","","","","","","","","","","","","","","","","","","","","",""
"treasure_asakou_20","トパーズ","宝","トパーズ。拠点で売却できる換金用の宝。","3","6","350","none","terrain:dig:2:0","2","blunt","2","25","0.08","86","0","fixed","treasure,gem,stone,small,contact_damage","敵に打撃ダメージ（攻撃力2）","","","9","11","12","9","14","11","6","5","3","1","1","1","","","","","","","","","","","","","","","","","","","","","","","","","","","","","","","","","","","","","","","",""
"treasure_asakou_21","アメジスト","宝","アメジスト。拠点で売却できる換金用の宝。","3","6","330","none","terrain:dig:2:0","2","blunt","2","25","0.08","87","0","fixed","treasure,gem,stone,small,contact_damage","敵に打撃ダメージ（攻撃力2）","","","9","11","12","9","14","11","6","5","3","1","1","1","","","","","","","","","","","","","","","","","","","","","","","","","","","","","","","","","","","","","","","",""
"treasure_asakou_22","ラピスラズリ","宝","ラピスラズリ。拠点で売却できる換金用の宝。","3","6","340","none","terrain:dig:2:0","2","blunt","2","25","0.1","88","0","fixed","treasure,gem,stone,small,contact_damage","敵に打撃ダメージ（攻撃力2）","","","9","11","12","9","14","11","6","5","3","1","1","1","","","","","","","","","","","","","","","","","","","","","","","","","","","","","","","","","","","","","","","",""
"treasure_asakou_24","黄金琥珀","宝","黄金色に透ける琥珀。リングに乗せると淡い光を放つ。","4","8","510","none","area:light:2:0;terrain:dig:1:0","3","blunt","1","30","0.14","90","0","fixed","treasure,gem,stone,light_source,small,contact_damage","敵に打撃ダメージ（攻撃力3）｜周囲を照らす（光量1）","","","8","","10","10","12","14","9","8","6","3","3","2","1","","","","","","","","","","","","","","","","","","","","","","","","","","","","","","","","","","","","","","",""
"treasure_asakou_27","地下礼拝堂の聖玉","宝","地下礼拝堂に残されていた聖なる宝玉。淡い光と回復の力を持つ。","5","10","890","none","area:light:2:0;player:regen:0.12:0;terrain:dig:3:0","5","magic","3","60","0.3","93","0","spin:80","treasure,relic,stone,holy,light_source,medium,round,contact_damage,magic","敵に魔法ダメージ（攻撃力5）｜周囲を照らす（光量2）","","","","","","10","","13","11","11","11","6","5","5","2","1","1","1","","","","","","","","","","","","","","","","","","","","","","","","","","","","","","","","","","","",""
"treasure_asakou_28","埋もれた宝冠","宝","埋もれた宝冠。拠点で売却できる換金用の宝。","5","10","910","none","terrain:dig:3:0","8","slash","3","65","0.55","94","0","fixed","treasure,relic,metal,stone,royal,medium,jewelry,contact_damage,blade,pointed","敵に斬撃ダメージ（攻撃力8）","","","","","","10","","13","11","11","11","6","5","5","2","1","1","1","","","","","","","","","","","","","","","","","","","","","","","","","","","","","","","","","","","",""
"treasure_asakou_29","星くずの欠片","宝","鋭くとがった星くずの欠片。速く回すほど切り裂く力が増す。","2","5","270","none","area:light:2:0;terrain:dig:4:0","5","slash","4","35","0.08","95","-25","outward","treasure,stone,star_fragment,blade,small,contact_damage,light_source,fragment","敵に斬撃ダメージ（攻撃力5）｜周囲を照らす（光量1）","","9","8","15","12","7","15","9","4","3","2","1","","","","","","","","","","","","","","","","","","","","","","","","","","","","","","","","","","","","","","","","","",""
"treasure_asakou_30","星砂の小瓶","宝","星のように光る砂を入れた小瓶。リングに乗せると周囲を少し照らす。","3","7","420","none","area:light:2:0;terrain:dig:1:0","2","magic","1","11","0.18","96","0","fixed","treasure,glass,stone,star_fragment,light_source,small,fragile,contact_damage,magic","敵に魔法ダメージ（攻撃力2）｜周囲を照らす（光量1）","","","8","","11","9","14","12","7","7","4","2","2","1","","","","","","","","","","","","","","","","","","","","","","","","","","","","","","","","","","","","","","","",""
"treasure_haiki_31","魔法の金属片","宝","魔法の金属片。拠点で売却できる換金用の宝。","2","12","370","none","terrain:dig:4:0","5","slash","4","25","0.25","97","-25","outward","treasure,metal,small,fragment,magic,contact_damage,blade,pointed","敵に斬撃ダメージ（攻撃力5）","","","","","","5","","","8","16","12","6","12","7","3","5","3","1","","","","","","","","","","","","","","","","","","","","","","","","","","","","","","","","","","","",""
"treasure_haiki_32","錆びた魔法歯車","宝","錆びた魔法歯車。拠点で売却できる換金用の宝。","2","12","380","none","terrain:dig:3:0","5","blunt","3","30","0.35","98","0","spin:120","treasure,metal,round,small,mechanical,magic,contact_damage","敵に打撃ダメージ（攻撃力5）","","","","","","5","","","8","16","12","6","12","7","3","5","3","1","","","","","","","","","","","","","","","","","","","","","","","","","","","","","","","","","","","",""
"treasure_haiki_33","魔導コイル","宝","魔導装置から外れたコイル。リングに乗せると帯電し、敵を麻痺させることがある。","3","13","460","none","enemy:status_paralyze_chance:18:6;terrain:dig:3:0","4","thunder","3","55","0.45","99","-20","outward","treasure,metal,thunder,medium,contact_damage,mechanical,magic","敵に雷ダメージ（攻撃力4）｜敵を麻痺させる（18%、6秒）","","","","","","","","","8","13","13","8","13","10","5","7","4","2","1","1","","","","","","","","","","","","","","","","","","","","","","","","","","","","","","","","","",""
"treasure_haiki_34","銀の留め具","宝","銀の留め具。拠点で売却できる換金用の宝。","2","12","310","none","terrain:dig:1:0","3","blunt","1","20","0.08","100","0","fixed","treasure,metal,small,contact_damage","敵に打撃ダメージ（攻撃力3）","","","","","","5","","","8","16","12","6","12","7","3","5","3","1","","","","","","","","","","","","","","","","","","","","","","","","","","","","","","","","","","","",""
"treasure_haiki_36","翡翠の手鏡","宝","ヒビの入った手鏡。鏡なので魔法弾を反射しやすいが、壊れやすい。","2","13","350","none","projectile:reflect_magic_chance:25:0;terrain:dig:1:0","5","blunt","1","9","0.28","102","0","fixed","treasure,glass,metal,mirror,small,fragile,contact_damage","敵に打撃ダメージ（攻撃力5）｜魔法弾を確率で反射（25%）","","","","","","","","","7","15","12","7","15","9","4","7","4","2","1","1","","","","","","","","","","","","","","","","","","","","","","","","","","","","","","","","","",""
"treasure_haiki_37","魔導炉の破片","宝","古い魔導炉から剥がれた破片。まだ熱を帯びており、火の接触ダメージを与える。","3","14","470","none","orbit:cast_fire:1:0;terrain:dig:4:0","5","fire","4","55","0.5","103","-25","outward","treasure,metal,fire,medium,contact_damage,mechanical,fragment,magic","敵に火ダメージ（攻撃力5）｜火魔法を発動する（威力1）","","","","","","","","","7","11","12","9","14","11","6","9","6","3","2","1","","","","","","","","","","","","","","","","","","","","","","","","","","","","","","","","","",""
"treasure_haiki_38","金のしおり","宝","金のしおり。拠点で売却できる換金用の宝。","3","14","500","none","none","6","slash","0","25","0.04","104","-25","fixed","treasure,metal,paper,small,magic,relic,contact_damage,blade,pointed","敵に斬撃ダメージ（攻撃力6）","","","","","","","","","7","11","12","9","14","11","6","9","6","3","2","1","","","","","","","","","","","","","","","","","","","","","","","","","","","","","","","","","",""
"treasure_haiki_40","魔力の結晶玉","宝","魔力を含んだ結晶玉。リングに乗せると接触威力を高める。","4","15","630","none","enemy:status_stun_chance:10:1.5;terrain:dig:3:0","4","magic","3","45","0.35","106","0","spin:90","treasure,stone,magic,medium,round,contact_damage","敵に魔法ダメージ（攻撃力4）｜敵を気絶させる（10%）","","","","","","","","","7","","12","10","13","13","8","10","8","4","3","2","1","","","","","","","","","","","","","","","","","","","","","","","","","","","","","","","","",""
"treasure_haiki_44","歯車細工の宝箱","宝","歯車細工の宝箱。拠点で売却できる換金用の宝。","4","16","720","none","terrain:dig:3:0","7","blunt","3","80","0.9","110","0","fixed","treasure,metal,wood,medium,heavy,container,mechanical,relic,contact_damage","敵に打撃ダメージ（攻撃力7）","","","","","","","","","","","10","10","12","14","9","12","10","5","4","3","1","1","1","","","","","","","","","","","","","","","","","","","","","","","","","","","","","","",""
"treasure_haiki_45","宝石仕掛けの小箱","宝","宝石仕掛けの小箱。拠点で売却できる換金用の宝。","4","16","700","none","terrain:dig:3:0","6","blunt","3","60","0.5","111","0","fixed","treasure,metal,stone,medium,container,relic,contact_damage","敵に打撃ダメージ（攻撃力6）","","","","","","","","","","","10","10","12","14","9","12","10","5","4","3","1","1","1","","","","","","","","","","","","","","","","","","","","","","","","","","","","","","",""
"treasure_haiki_46","曲がった王冠","宝","曲がった王冠。拠点で売却できる換金用の宝。","3","15","620","none","terrain:dig:2:0","8","slash","2","50","0.45","112","0","fixed","treasure,metal,royal,medium,jewelry,relic,contact_damage,blade,pointed","敵に斬撃ダメージ（攻撃力8）","","","","","","","","","6","","11","9","14","12","7","11","8","4","3","2","1","","","","","","","","","","","","","","","","","","","","","","","","","","","","","","","","",""
"treasure_haiki_47","銀翼の冠","宝","銀翼の冠。拠点で売却できる換金用の宝。","5","17","990","none","terrain:dig:3:0","9","slash","3","65","0.5","113","0","fixed","treasure,metal,stone,royal,medium,jewelry,relic,contact_damage,blade,pointed","敵に斬撃ダメージ（攻撃力9）","","","","","","","","","","","","11","9","14","11","12","13","7","5","5","2","1","1","1","","","","","","","","","","","","","","","","","","","","","","","","","","","","","",""
"treasure_haiki_48","虹のプリズム","宝","虹色に光を分けるプリズム。反射した光で敵の視界を乱すことがある。","4","16","640","none","enemy:status_confuse_chance:12:6;terrain:dig:2:0","3","magic","2","13","0.28","114","0","spin:60","treasure,glass,stone,prism,small,fragile,contact_damage","敵に魔法ダメージ（攻撃力3）｜敵を混乱させる（12%、6秒）","","","","","","","","","","","10","10","12","14","9","12","10","5","4","3","1","1","1","","","","","","","","","","","","","","","","","","","","","","","","","","","","","","",""
"treasure_haiki_49","マナクリスタル","宝","魔力を帯びた結晶。リングに乗せると接触威力を高める。","4","16","670","none","terrain:dig:2:0","3","magic","2","30","0.22","115","0","fixed","treasure,gem,stone,magic,small,contact_damage","敵に魔法ダメージ（攻撃力3）","","","","","","","","","","","10","10","12","14","9","12","10","5","4","3","1","1","1","","","","","","","","","","","","","","","","","","","","","","","","","","","","","","",""
"treasure_haiki_51","アクアマリン","宝","澄んだ青色の宝石。水の力を帯びており、リングに乗せると水の接触ダメージを与える。","3","15","500","none","terrain:dig:2:0","3","water","2","30","0.08","117","0","fixed","treasure,gem,stone,water,small,contact_damage","敵に水ダメージ（攻撃力3）","","","","","","","","","6","","11","9","14","12","7","11","8","4","3","2","1","","","","","","","","","","","","","","","","","","","","","","","","","","","","","","","","",""
"treasure_haiki_52","ムーンストーンレンズ","宝","月の光を思わせるレンズ。暗い場所と隠れたものに反応する。","4","16","610","none","area:light:3:0;terrain:dig:1:0","3","blunt","1","12","0.18","118","0","fixed","treasure,gem,glass,stone,light_source,small,fragile,contact_damage","敵に打撃ダメージ（攻撃力3）｜周囲を照らす（光量1）","","","","","","","","","","","10","10","12","14","9","12","10","5","4","3","1","1","1","","","","","","","","","","","","","","","","","","","","","","","","","","","","","","",""
"treasure_haiki_54","エーテル水晶","宝","軽い浮遊感を帯びた水晶。リングに乗せると軌道が少し外側へ広がる。","5","18","850","none","terrain:dig:2:0","4","magic","2","35","0.24","120","0","fixed","treasure,gem,stone,magic,small,contact_damage","敵に魔法ダメージ（攻撃力4）","","","","","","","","","","","","10","","13","11","12","14","9","7","7","3","2","2","1","","","","","","","","","","","","","","","","","","","","","","","","","","","","","",""
"treasure_haiki_56","黄金魔導石","宝","黄金魔導石。拠点で売却できる換金用の宝。","5","19","930","none","terrain:dig:4:0","5","magic","4","50","0.3","122","0","fixed","treasure,gem,stone,medium,contact_damage,magic","敵に魔法ダメージ（攻撃力5）","","","","","","","","","","","","9","","11","11","11","14","10","9","9","5","4","3","2","1","1","","","","","","","","","","","","","","","","","","","","","","","","","","","",""
"treasure_haiki_57","古代炉の輝石","宝","古代魔導炉の内部に残っていた輝石。強い火の力を帯びている。","5","19","940","none","orbit:cast_fire:2:0;terrain:dig:4:0","5","fire","4","60","0.32","123","0","fixed","treasure,gem,stone,fire,medium,contact_damage","敵に火ダメージ（攻撃力5）｜火魔法を発動する（威力2）","","","","","","","","","","","","9","","11","11","11","14","10","9","9","5","4","3","2","1","1","","","","","","","","","","","","","","","","","","","","","","","","","","","",""
"treasure_haiki_58","封印ジルコン","宝","封印術に使われていたジルコン。命中時、敵の動きを封じることがある。","5","20","1000","none","enemy:status_paralyze_chance:16:6;terrain:dig:2:0","3","magic","2","40","0.1","124","0","fixed","treasure,gem,stone,magic,sealed,small,contact_damage","敵に魔法ダメージ（攻撃力3）｜敵を麻痺させる（16%、6秒）","","","","","","","","","","","","7","","","11","9","14","11","11","11","6","5","5","2","1","1","1","1","1","","1","1","","1","1","","1","","","1","","","","","","","","","","","","","",""
"treasure_haiki_59","魔女王のジェード","宝","魔女王のジェード。拠点で売却できる換金用の宝。","6","20","1210","none","terrain:dig:2:0","3","blunt","2","40","0.16","125","0","fixed","treasure,gem,stone,royal,small,contact_damage","敵に打撃ダメージ（攻撃力3）","","","","","","","","","","","","8","","","12","8","15","12","10","11","7","5","5","3","1","1","1","1","1","","1","1","","1","1","","1","1","","","","","","","","","","","","","","","",""
"treasure_haiki_60","魔導貴族の首飾り","宝","魔導貴族の首飾り。拠点で売却できる換金用の宝。","6","20","1320","none","terrain:dig:1:0","5","blunt","1","50","0.22","126","0","fixed","treasure,relic,metal,stone,royal,small,jewelry,contact_damage","敵に打撃ダメージ（攻撃力5）","","","","","","","","","","","","8","","","12","8","15","12","10","11","7","5","5","3","1","1","1","1","1","","1","1","","1","1","","1","1","","","","","","","","","","","","","","","",""
"treasure_shinsou_61","黒曜結晶","宝","鋭い黒曜の結晶。リングに乗せると敵を切り裂く。","3","21","590","none","terrain:dig:5:0","6","slash","5","40","0.35","127","-25","outward","treasure,gem,stone,blade,small,contact_damage","敵に斬撃ダメージ（攻撃力6）","","","","","","","","","","","","","","","8","","11","9","14","11","6","9","6","3","3","2","1","2","1","","2","1","","1","1","","1","1","","1","1","","1","1","","1","1","","1","","","1","",""
"treasure_shinsou_62","蒼光輝石","宝","蒼い光を帯びた輝石。リングに乗せると周囲を照らす。","3","21","640","none","area:light:3:0;terrain:dig:4:0","5","magic","4","50","0.3","128","0","fixed","treasure,gem,stone,magic,light_source,medium,contact_damage","敵に魔法ダメージ（攻撃力5）｜周囲を照らす（光量2）","","","","","","","","","","","","","","","8","","11","9","14","11","6","9","6","3","3","2","1","2","1","","2","1","","1","1","","1","1","","1","1","","1","1","","1","1","","1","","","1","",""
"treasure_shinsou_63","重鉱石","宝","異様に重い鉱石。リングに乗せると軌道を重くし、接触威力を上げる。","3","22","620","none","orbit:[orbit_gravity,orbit_power]:[0.9,1.08]:0;terrain:dig:6:0","6","blunt","6","75","0.9","129","0","fixed","treasure,ore,stone,heavy,medium,gravity,contact_damage","敵に打撃ダメージ（攻撃力6）｜軌道をまとまりやすくする（0.9倍）｜軌道出力を変える（1.08倍）","","","","","","","","","","","","","","","7","","10","9","14","12","7","11","8","4","5","3","1","3","2","1","3","2","1","2","1","1","2","1","1","2","1","","2","1","","1","1","","1","1","","1","1",""
"treasure_shinsou_64","浮遊石","宝","わずかに浮く石。リングに乗せると軌道が外側へ広がる。","3","22","570","none","orbit:orbit_antigravity:1.16:0;terrain:dig:3:0","3","wind","3","35","0.05","130","0","fixed","treasure,ore,stone,wind,floating,small,contact_damage","敵に風ダメージ（攻撃力3）｜軌道を広げやすくする（1.16倍）","","","","","","","","","","","","","","","7","","10","9","14","12","7","11","8","4","5","3","1","3","2","1","3","2","1","2","1","1","2","1","1","2","1","","2","1","","1","1","","1","1","","1","1",""
"treasure_shinsou_65","黒ガラス片","宝","黒く透けるガラス片。鋭利だが壊れやすい。","3","22","560","none","terrain:dig:3:0","6","slash","3","9","0.16","131","-25","outward","treasure,glass,blade,small,fragile,contact_damage,fragment","敵に斬撃ダメージ（攻撃力6）","","","","","","","","","","","","","","","7","","10","9","14","12","7","11","8","4","5","3","1","3","2","1","3","2","1","2","1","1","2","1","1","2","1","","2","1","","1","1","","1","1","","1","1",""
"treasure_shinsou_66","透明な金属片","宝","透明な金属片。拠点で売却できる換金用の宝。","4","23","730","none","terrain:dig:4:0","7","slash","4","30","0.18","132","-25","outward","treasure,metal,small,fragment,contact_damage,blade,pointed","敵に斬撃ダメージ（攻撃力7）","","","","","","","","","","","","","","","7","","","10","12","14","9","12","10","5","6","4","2","4","3","1","4","3","1","4","2","1","3","2","1","3","2","1","2","2","1","2","1","1","2","1","1","1","1",""
"treasure_shinsou_67","地底真珠","宝","地底真珠。拠点で売却できる換金用の宝。","4","23","720","none","terrain:dig:1:0","4","blunt","1","30","0.1","133","0","fixed","treasure,gem,stone,small,contact_damage","敵に打撃ダメージ（攻撃力4）","","","","","","","","","","","","","","","7","","","10","12","14","9","12","10","5","6","4","2","4","3","1","4","3","1","4","2","1","3","2","1","3","2","1","2","2","1","2","1","1","2","1","1","1","1",""
"treasure_shinsou_72","沈む金塊","宝","手に持つと沈むように重い金塊。リングに乗せると強烈な打撃になる。","5","24","1080","none","terrain:dig:5:0","7","blunt","5","75","1.6","138","-10","fixed","treasure,metal,heavy,medium,contact_damage","敵に打撃ダメージ（攻撃力7）","","","","","","","","","","","","","","","","","","10","9","14","11","12","13","7","7","7","3","6","5","2","5","4","2","5","4","2","4","4","2","4","3","2","3","3","1","3","2","1","2","2","1","2","2","1"
"treasure_shinsou_73","黒曜の魔玉","宝","黒曜の魔玉。拠点で売却できる換金用の宝。","5","24","1020","none","terrain:dig:4:0","5","magic","4","50","0.35","139","0","spin:90","treasure,stone,medium,round,contact_damage,magic","敵に魔法ダメージ（攻撃力5）","","","","","","","","","","","","","","","","","","10","9","14","11","12","13","7","7","7","3","6","5","2","5","4","2","5","4","2","4","4","2","4","3","2","3","3","1","3","2","1","2","2","1","2","2","1"
"treasure_shinsou_74","蒼光の貴石","宝","蒼い光を放つ貴石。リングに乗せると明るく周囲を照らす。","5","24","1030","none","area:light:3:0;terrain:dig:2:0","4","magic","2","40","0.25","140","0","fixed","treasure,gem,stone,magic,light_source,small,contact_damage","敵に魔法ダメージ（攻撃力4）｜周囲を照らす（光量3）","","","","","","","","","","","","","","","","","","10","9","14","11","12","13","7","7","7","3","6","5","2","5","4","2","5","4","2","4","4","2","4","3","2","3","3","1","3","2","1","2","2","1","2","2","1"
"treasure_shinsou_76","サファイア","宝","深い青色の高級宝石。冷たい力を帯びており、リングに乗せると氷の接触ダメージを与える。","5","25","1030","none","terrain:dig:3:0","4","ice","3","35","0.08","142","0","fixed","treasure,gem,stone,ice,small,contact_damage","敵に氷ダメージ（攻撃力4）","","","","","","","","","","","","","","","","","","9","","13","11","12","14","9","9","9","5","8","7","3","7","6","3","6","6","3","6","5","2","5","4","2","4","4","2","4","3","2","3","3","1","3","2","1"
"treasure_shinsou_77","エメラルド","宝","エメラルド。拠点で売却できる換金用の宝。","5","25","1060","none","terrain:dig:3:0","4","blunt","3","30","0.08","143","0","fixed","treasure,gem,stone,small,contact_damage","敵に打撃ダメージ（攻撃力4）","","","","","","","","","","","","","","","","","","9","","13","11","12","14","9","9","9","5","8","7","3","7","6","3","6","6","3","6","5","2","5","4","2","4","4","2","4","3","2","3","3","1","3","2","1"
"treasure_shinsou_78","ルビー","宝","赤く輝く高級宝石。リングに乗せると強い火の力をまとえる。","5","25","1080","none","orbit:cast_fire:2:0;terrain:dig:3:0","4","fire","3","40","0.08","144","0","fixed","treasure,gem,stone,fire,small,contact_damage","敵に火ダメージ（攻撃力4）｜火魔法を発動する（威力2）","","","","","","","","","","","","","","","","","","9","","13","11","12","14","9","9","9","5","8","7","3","7","6","3","6","6","3","6","5","2","5","4","2","4","4","2","4","3","2","3","3","1","3","2","1"
"treasure_shinsou_79","ダイヤモンド","宝","硬く輝く宝石。リングに乗せると鋭い打撃になり、急所に入りやすい。","6","26","1330","none","orbit:critical_chance:8:0;terrain:dig:6:0","4","pierce","6","45","0.08","145","0","fixed","treasure,gem,stone,pierce,small,contact_damage","敵に刺突ダメージ（攻撃力4）｜会心率を上げる（8%）","","","","","","","","","","","","","","","","","","8","","11","13","10","15","11","10","11","7","9","9","5","8","9","4","7","8","4","6","7","4","6","6","3","5","5","3","4","5","2","4","4","2","3","3","2"
"treasure_shinsou_81","アレキサンドライト","宝","光で色が変わる希少石。揺らぐ輝きで敵を混乱させることがある。","7","27","1670","none","enemy:status_confuse_chance:12:6;terrain:dig:3:0","4","magic","3","45","0.08","147","0","fixed","treasure,gem,stone,magic,small,contact_damage","敵に魔法ダメージ（攻撃力4）｜敵を混乱させる（12%、6秒）","","","","","","","","","","","","","","","","","","","","","13","7","15","13","9","14","9","9","12","7","8","11","6","7","10","6","7","9","5","6","8","5","5","7","4","4","6","3","4","5","3","3","4","2"
"treasure_shinsou_84","ベニトアイト","宝","ベニトアイト。拠点で売却できる換金用の宝。","7","27","1730","none","terrain:dig:3:0","5","blunt","3","40","0.08","150","0","fixed","treasure,gem,stone,small,contact_damage","敵に打撃ダメージ（攻撃力5）","","","","","","","","","","","","","","","","","","","","","13","7","15","13","9","14","9","9","12","7","8","11","6","7","10","6","7","9","5","6","8","5","5","7","4","4","6","3","4","5","3","3","4","2"
"treasure_shinsou_88","地底王の宝冠","宝","地底王の宝冠。拠点で売却できる換金用の宝。","8","29","2320","none","terrain:dig:4:0","10","slash","4","80","0.55","154","0","fixed","treasure,metal,stone,royal,medium,jewelry,contact_damage,blade,pointed","敵に斬撃ダメージ（攻撃力10）","","","","","","","","","","","","","","","","","","","","","12","","13","15","7","17","13","8","17","11","8","15","10","7","14","9","6","12","8","5","11","7","5","10","6","4","8","5","3","7","5","3","6","4"
"treasure_shinsou_89","黒曜の王笏","宝","黒曜の王笏。拠点で売却できる換金用の宝。","8","29","2240","none","terrain:dig:5:0","7","blunt","5","75","0.75","155","-35","outward","treasure,metal,stone,royal,medium,contact_damage","敵に打撃ダメージ（攻撃力7）","","","","","","","","","","","","","","","","","","","","","12","","13","15","7","17","13","8","17","11","8","15","10","7","14","9","6","12","8","5","11","7","5","10","6","4","8","5","3","7","5","3","6","4"
"treasure_shinsou_90","蒼光の大宝玉","宝","蒼い光を放つ大きな宝玉。リングに乗せると広範囲を照らす。","8","29","2320","none","area:light:5:0;terrain:dig:4:0","6","magic","4","70","0.5","156","0","spin:80","treasure,stone,magic,light_source,medium,round,contact_damage","敵に魔法ダメージ（攻撃力6）｜周囲を照らす（光量5）","","","","","","","","","","","","","","","","","","","","","12","","13","15","7","17","13","8","17","11","8","15","10","7","14","9","6","12","8","5","11","7","5","10","6","4","8","5","3","7","5","3","6","4"
"treasure_shinsou_91","地の女王の首飾り","宝","地の女王の名を持つ首飾り。守りと地の力を宿している。","8","29","2410","none","player:buff_defense:1.15:0;orbit:cast_earth:2:0;terrain:dig:2:0","5","earth","2","60","0.22","157","0","fixed","treasure,metal,stone,earth,royal,small,contact_damage,jewelry","敵に土ダメージ（攻撃力5）｜防御力を上げる（1.15倍）｜土魔法を発動する（威力2）","","","","","","","","","","","","","","","","","","","","","12","","13","15","7","17","13","8","17","11","8","15","10","7","14","9","6","12","8","5","11","7","5","10","6","4","8","5","3","7","5","3","6","4"
"treasure_shinsou_92","透明金属の聖杯","宝","透明な金属で作られた聖杯。器として水の力を受け流す。","8","29","2390","none","projectile:reflect_water_chance:30:0;terrain:dig:2:0","7","blunt","2","50","0.35","158","0","fixed","treasure,metal,holy,small,vessel,contact_damage","敵に打撃ダメージ（攻撃力7）｜水弾を確率で反射（30%）","","","","","","","","","","","","","","","","","","","","","12","","13","15","7","17","13","8","17","11","8","15","10","7","14","9","6","12","8","5","11","7","5","10","6","4","8","5","3","7","5","3","6","4"
"treasure_shinsou_93","星核の欠片","宝","落ちた星の核に近い鋭い欠片。光を放ち、速く回すほど危険な刃になる。","6","26","1460","none","orbit:[damage_speed,orbit_power]:[1.14,1.12]:0;area:light:2:0;terrain:dig:6:0","8","slash","6","55","0.28","159","-25","outward","treasure,stone,star_fragment,blade,light_source,small,contact_damage,fragment","敵に斬撃ダメージ（攻撃力8）｜速度によるダメージ補正を強める（1.14倍）｜軌道出力を変える（1.12倍）｜周囲を照らす（光量2）","","","","","","","","","","","","","","","","","","8","","11","13","10","15","11","10","11","7","9","9","5","8","9","4","7","8","4","6","7","4","6","6","3","5","5","3","4","5","2","4","4","2","3","3","2"
"treasure_shinsou_94","守護星の涙","宝","守護星の涙と呼ばれる希少な宝。光と守護の力を持つ。","8","30","2510","none","area:light:4:0;player:regen:0.25:0;terrain:dig:3:0","2","magic","3","55","0.12","160","0","fixed","treasure,stone,star_fragment,holy,light_source,small,contact_damage,magic","敵に魔法ダメージ（攻撃力2）｜周囲を照らす（光量4）","","","","","","","","","","","","","","","","","","","","","10","","","15","6","16","15","8","17","12","7","16","11","6","14","10","6","13","9","5","11","8","4","10","7","4","9","6","3","7","5","3","6","4"
"treasure_shinsou_95","落ちた星の外殻","宝","落ちた星の外側にあたる殻。硬い外殻として攻防に使える。","7","27","1940","none","projectile:guard_large:1:0;orbit:orbit_power:1.08:0;terrain:dig:6:0","6","blunt","6","80","0.45","161","-15","fixed","treasure,stone,star_fragment,medium,guard_large_projectile,contact_damage","敵に打撃ダメージ（攻撃力6）｜大型弾を防ぐ｜軌道出力を変える（1.08倍）","","","","","","","","","","","","","","","","","","","","","13","7","15","13","9","14","9","9","12","7","8","11","6","7","10","6","7","9","5","6","8","5","5","7","4","4","6","3","4","5","3","3","4","2"
"treasure_junk_barrel","タル","宝","古い木のタル。中身は空でも、リングで回せばそれなりに重い鈍器になる。","2","3","200","none","enemy:forced_critical_hit:1.6:0;item:break_wood_fragments:1:0;terrain:dig:3:0","4","blunt","3","50","1.2","162","0","fixed","treasure,wood,medium,container,contact_damage","敵に打撃ダメージ（攻撃力4）｜敵に当たると確定会心｜壊れると木片が出る｜土を掘れる（掘削力3）","12","12","8","16","11","5","10","5","2","1","1","","","","","","","","","","","","","","","","","","","","","","","","","","","","","","","","","","","","","","","","","","",""
"treasure_junk_pot","ツボ","宝","ひびの入ったツボ。割れやすいが、ぶつけた瞬間の衝撃は妙に鋭い。","2","3","200","none","enemy:forced_critical_hit:1.6:0;item:break_ceramic_shards:1:0;terrain:dig:2:0","3","blunt","2","14","0.6","163","0","spin:90","treasure,ceramic,fragile,medium,vessel,contact_damage","敵に打撃ダメージ（攻撃力3）｜敵に当たると確定会心｜壊れると陶器片が散る｜土を掘れる（掘削力2）","12","12","8","16","11","5","10","5","2","1","1","","","","","","","","","","","","","","","","","","","","","","","","","","","","","","","","","","","","","","","","","","",""
"treasure_junk_bed","ベッド","宝","どこかの部屋から流れ着いたベッド。ぶつけられた敵は眠気に引きずり込まれることがある。","4","14","570","none","enemy:status_sleep_chance:25:8;terrain:dig:2:0","4","blunt","2","100","4","164","0","fixed","treasure,wood,cloth,large,heavy,furniture,bedding,contact_damage,soft,fluffy","敵に打撃ダメージ（攻撃力4）｜敵を眠らせる（25%、8秒）｜土を掘れる（掘削力2）","","","","","","","","","8","10","13","10","13","12","7","8","6","3","2","1","1","","","","","","","","","","","","","","","","","","","","","","","","","","","","","","","","",""
"treasure_junk_futon","布団","宝","湿った布団。軽いが、リングで巻き込むと敵を眠たくさせることがある。","3","12","350","none","enemy:status_sleep_chance:20:6;terrain:dig:1:0","2","blunt","1","45","0.8","165","0","fixed","treasure,cloth,medium,bedding,contact_damage,soft,fluffy","敵に打撃ダメージ（攻撃力2）｜敵を眠らせる（20%、6秒）｜土を掘れる（掘削力1）","","","","","","6","","","9","14","12","7","11","8","4","5","3","1","","","","","","","","","","","","","","","","","","","","","","","","","","","","","","","","","","","",""
"treasure_junk_tv","テレビ","宝","画面の割れた古いテレビ。点滅するノイズが敵の狙いを狂わせる。","5","16","710","none","enemy:status_blind:0.45:8;terrain:dig:2:0","5","magic","2","70","2.4","166","0","fixed","treasure,metal,glass,mechanical,appliance,medium,contact_damage","敵に魔法ダメージ（攻撃力5）｜敵を盲目にする（8秒）｜土を掘れる（掘削力2）","","","","","","","","","","","11","11","11","14","10","11","11","6","4","3","2","1","1","","","","","","","","","","","","","","","","","","","","","","","","","","","","","","",""
"treasure_junk_wine_bottle","酒瓶","宝","中身が少し残った酒瓶。当たると割れて、酒気で敵の足取りを乱す。","4","8","400","none","enemy:status_confuse_chance:100:8;item:break_glass_shards:1:0;terrain:dig:1:0","2","blunt","1","12","0.45","167","0","outward","treasure,glass,fragile,small,vessel,bottle,contact_damage","敵に打撃ダメージ（攻撃力2）｜敵を混乱させる（8秒）｜壊れるとガラス片が散る｜土を掘れる（掘削力1）","","","8","","10","10","12","14","9","8","6","3","3","2","1","","","","","","","","","","","","","","","","","","","","","","","","","","","","","","","","","","","","","","",""
"treasure_junk_refrigerator","冷蔵庫","宝","うなり続ける白い箱。回転すると冷気を吐き、敵を氷の衝撃で打つ。","6","20","950","none","area:cold_air_aura:2:8;enemy:status_frozen:1:8;terrain:dig:4:0","7","ice","4","105","5.6","168","0","fixed","treasure,metal,ice,water,large,heavy,mechanical,appliance,contact_damage","敵に氷ダメージ（攻撃力7）｜回転中に外側へ冷気を吹く｜敵を凍結させる（8秒、炎で解除）｜土を掘れる（掘削力4）","","","","","","","","","","","","8","","","12","8","15","12","10","11","7","5","5","3","1","1","1","1","1","","1","1","","1","1","","1","1","","","","","","","","","","","","","","","",""
"treasure_junk_vacuum","掃除機","宝","魔力の詰まった掃除機。軽いものを吸い寄せるようにリング軌道を内側へ寄せる。","5","15","680","none","area:vacuum_pull_light:1.2:0;terrain:dig:2:0","4","blunt","2","70","1.8","169","0","outward","treasure,metal,mechanical,appliance,medium,contact_damage","敵に打撃ダメージ（攻撃力4）｜軽い敵やアイテムを吸い寄せる｜土を掘れる（掘削力2）","","","","","","","","","7","","13","11","12","14","9","9","9","5","2","2","1","","","","","","","","","","","","","","","","","","","","","","","","","","","","","","","","",""
"treasure_junk_poison_planter","毒花の鉢植え","宝","毒々しい花の鉢植え。敵にぶつかると花粉と棘で毒を残す。","4","9","440","none","enemy:status_poison:1:6;terrain:dig:1:0","2","magic","1","13","0.5","170","0","fixed","treasure,ceramic,plant,potted,poison,small,fragile,contact_damage","敵に魔法ダメージ（攻撃力2）｜敵を毒にする（6秒）｜土を掘れる（掘削力1）","","","7","","","10","10","13","10","10","8","4","4","3","1","1","1","","","","","","","","","","","","","","","","","","","","","","","","","","","","","","","","","","","","",""
"treasure_witch_broom","ほうき","宝","古いほうき。特別な魔法はないが、魔女の採掘場には妙に似合う。","3","5","310","none","terrain:dig:2:0","2","blunt","2","30","0.45","171","-25","outward","treasure,wood,small,witch_tool,contact_damage,bristle","敵に打撃ダメージ（攻撃力2）｜土を掘れる（掘削力2）","","10","9","13","13","8","13","10","5","3","2","1","","","","","","","","","","","","","","","","","","","","","","","","","","","","","","","","","","","","","","","","","",""
"treasure_junk_wardrobe","タンス","宝","重い木製のタンス。敵にぶつかると小銭がこぼれ、壊れると中身が派手に散る。","5","16","770","none","enemy:hit_coin_spill:35:0;item:break_coin_spill:2:0;item:break_random_item_drop:12:0;item:break_wood_fragments:1:0;terrain:dig:4:0","6","blunt","4","105","5.2","172","0","fixed","treasure,wood,large,heavy,container,furniture,contact_damage","敵に打撃ダメージ（攻撃力6）｜当てると小銭がこぼれる（35%）｜壊れると多めに小銭が出る｜壊れるとたまに別アイテムが出る（12%）｜壊れると木片が出る｜土を掘れる（掘削力4）","","","","","","","","","","","11","11","11","14","10","11","11","6","4","3","2","1","1","","","","","","","","","","","","","","","","","","","","","","","","","","","","","","",""
"treasure_junk_chabudai","ちゃぶ台","宝","丸い低い机。勢いよく当たるとひっくり返り、敵を一瞬止める。","4","13","550","none","enemy:status_stun:1:1.2;item:break_wood_fragments:1:0;terrain:dig:3:0","5","blunt","3","65","2","173","0","spin:80","treasure,wood,medium,round,furniture,contact_damage","敵に打撃ダメージ（攻撃力5）｜ひっくり返って敵を気絶させる（1.2秒）｜壊れると木片が出る｜土を掘れる（掘削力3）","","","","","","","","","9","12","14","9","12","10","5","6","4","2","1","1","","","","","","","","","","","","","","","","","","","","","","","","","","","","","","","","","",""
"treasure_junk_chandelier","シャンデリア","宝","場違いなほど豪華な照明。割れると炎とガラスが散り、見た目にも派手。","7","19","1200","none","item:break_glass_shards:2:0;item:break_fire_burst:2:4;terrain:dig:3:0","5","fire","3","24","2.8","174","0","fixed","treasure,glass,metal,fire,fragile,large,light_source,contact_damage","敵に火ダメージ（攻撃力5）｜壊れるとガラス片が散る｜壊れると炎が燃え広がる（4秒）｜土を掘れる（掘削力3）","","","","","","","","","","","","11","","12","14","9","16","12","7","10","6","3","3","2","1","1","","","","","","","","","","","","","","","","","","","","","","","","","","","",""
"treasure_junk_washing_machine","洗濯機","宝","水音のする機械箱。回転するたび水を外へ放ち、本体は重い塊として敵を殴る。","6","18","970","none","area:water_shot_emitter:0.8:12;terrain:dig:4:0","7","blunt","4","105","5.4","175","0","fixed","treasure,metal,water,mechanical,appliance,large,heavy,contact_damage","敵に打撃ダメージ（攻撃力7）｜土を掘れる（掘削力4）｜一定間隔で外側へ水弾を放ち、当たった敵を水濡れにする（12秒）","","","","","","","","","","","","11","","13","13","11","15","10","7","7","4","2","2","1","","","","","","","","","","","","","","","","","","","","","","","","","","","","","",""
"treasure_junk_microwave","電子レンジ","宝","何かを温め続ける箱。当てた敵を熱で焼き、炎の魔力を漏らす。","6","17","900","none","enemy:status_hot:1:12;terrain:dig:3:0","6","fire","3","75","2.2","176","0","fixed","treasure,metal,fire,mechanical,appliance,medium,contact_damage","敵に火ダメージ（攻撃力6）｜当てた敵を熱々にする（12秒）｜熱々の敵に触れたキャラにもダメージ｜土を掘れる（掘削力3）","","","","","","","","","","","","12","8","15","12","11","13","8","5","5","3","1","1","1","","","","","","","","","","","","","","","","","","","","","","","","","","","","","",""
"treasure_junk_fan","扇風機","宝","羽根の曲がった扇風機。風を起こして、敵を後ろへ押し返す。","4","14","540","none","area:wind_push_light:1.2:0;terrain:dig:2:0","4","wind","2","60","1.1","177","0","fixed","treasure,metal,wind,mechanical,appliance,medium,contact_damage","敵に風ダメージ（攻撃力4）｜軽い敵・弾・アイテムを風で押す｜土を掘れる（掘削力2）","","","","","","","","","8","10","13","10","13","12","7","8","6","3","2","1","1","","","","","","","","","","","","","","","","","","","","","","","","","","","","","","","","",""
"treasure_junk_hair_dryer","ドライヤー","宝","熱風を吐く小さな機械。濡れた敵ほどよく乾き、よく焦げる。","4","14","520","none","area:hot_air:1:12;enemy:dry_wet_bonus_damage:1.5:0;terrain:dig:1:0","4","fire","1","45","0.45","178","0","outward","treasure,metal,fire,wind,small,mechanical,appliance,contact_damage","敵に火ダメージ（攻撃力4）｜熱風で敵を熱々にする（12秒）｜濡れた敵に追加ダメージ（1.5倍）｜土を掘れる（掘削力1）","","","","","","","","","8","10","13","10","13","12","7","8","6","3","2","1","1","","","","","","","","","","","","","","","","","","","","","","","","","","","","","","","","",""
"treasure_junk_game_console","ゲーム機","宝","古いゲーム機。まばゆい画面と電子音で敵の判断を狂わせる。","5","17","790","none","enemy:status_blind:0.4:8;terrain:dig:1:0","4","magic","1","45","0.8","179","0","fixed","treasure,metal,magic,mechanical,small,contact_damage","敵に魔法ダメージ（攻撃力4）｜敵を盲目にする（8秒）｜土を掘れる（掘削力1）","","","","","","","","","","","","11","9","14","11","12","13","7","5","5","2","1","1","1","","","","","","","","","","","","","","","","","","","","","","","","","","","","","",""
"treasure_witch_quill","魔女の羽ペン","宝","白い線を描く魔女の羽ペン。線で丸く囲めば、魔法陣として力を放つ。","8","28","1630","none","ground:draw_white_line:1:0;ground:complete_magic_circle:1:0;terrain:dig:1:0","3","magic","1","35","0.08","180","0","outward","treasure,magic,paper,small,witch_tool","敵に魔法ダメージ（攻撃力3）｜地面に白い線を書く｜丸く囲うと魔法陣を発動する｜土を掘れる（掘削力1）","","","","","","","","","","","","","","","","","","","","","13","","15","15","8","16","12","8","15","9","8","14","8","7","13","8","6","11","7","5","10","6","5","9","5","4","8","5","3","6","4","3","5","3"
"treasure_crystal_ball","水晶玉","宝","まだ割れていない水晶玉。砕ける瞬間だけ、異様に鋭い会心の力を出す。","6","19","1050","none","enemy:forced_critical_hit:1.8:0;item:break_glass_shards:1:0;terrain:dig:2:0","4","magic","2","20","0.35","181","0","spin:90","treasure,glass,stone,magic,fragile,round,medium,contact_damage","敵に魔法ダメージ（攻撃力4）｜割れると確定会心｜壊れるとガラス片が散る｜土を掘れる（掘削力2）","","","","","","","","","","","","10","","11","13","10","15","11","8","9","5","3","3","2","1","1","","","","","","","","","","","","","","","","","","","","","","","","","","","",""
"treasure_chili_bottle","唐辛子瓶","宝","真っ赤な粉の入った瓶。割れると辛味より先に火が噴き出す。","5","9","570","none","area:flame_burst:1:0;item:break_glass_shards:1:0;terrain:dig:1:0","2","fire","1","12","0.25","182","0","outward","treasure,glass,fire,fragile,small,vessel,bottle,pepper,contact_damage","敵に火ダメージ（攻撃力2）｜割れる/当たると炎が出る｜壊れるとガラス片が散る｜土を掘れる（掘削力1）","","","7","","","11","9","14","11","9","9","5","4","3","2","1","1","","","","","","","","","","","","","","","","","","","","","","","","","","","","","","","","","","","","",""
"treasure_alarm_clock","目覚まし時計","宝","けたたましく鳴る時計。眠っている相手に当てたくなるうるささ。","5","12","650","none","enemy:sleeping_bonus_damage:3:0;enemy:status_stun:1:0.8;terrain:dig:1:0","3","blunt","1","35","0.35","183","0","fixed","treasure,metal,timepiece,noisy,small,contact_damage,trinket,resonant","敵に打撃ダメージ（攻撃力3）｜寝ている敵に大ダメージ（3倍）｜通常敵を短く気絶させる（0.8秒）｜土を掘れる（掘削力1）","","","","","","7","","","11","12","14","9","9","9","5","4","3","2","","","","","","","","","","","","","","","","","","","","","","","","","","","","","","","","","","","",""
"treasure_trampoline","トランポリン","宝","弾む布の台。地上の敵を跳ね上げるが、飛んでいる相手にはありがたみが薄い。","6","19","980","none","enemy:bounce_grounded:1:0;enemy:fall_damage_synergy:1:0;terrain:dig:2:0","4","blunt","2","95","2.6","184","0","fixed","treasure,cloth,metal,large,contact_damage,soft,elastic","敵に打撃ダメージ（攻撃力4）｜地上敵を跳ね上げる｜落下ダメージと相性がよい｜土を掘れる（掘削力2）","","","","","","","","","","","","10","","11","13","10","15","11","8","9","5","3","3","2","1","1","","","","","","","","","","","","","","","","","","","","","","","","","","","",""
"treasure_bucket","バケツ","宝","水の残ったバケツ。回るたび外へ水を放ち、炎や電気との組み合わせを誘う。","3","4","290","none","area:water_shot_emitter:1.2:12;terrain:dig:2:0","4","blunt","2","50","0.7","185","0","fixed","treasure,metal,water,medium,vessel,contact_damage","敵に打撃ダメージ（攻撃力4）｜土を掘れる（掘削力2）｜一定間隔で外側へ水弾を放ち、当たった敵を水濡れにする（12秒）","","11","9","14","12","7","11","8","4","2","1","","","","","","","","","","","","","","","","","","","","","","","","","","","","","","","","","","","","","","","","","","",""
"treasure_power_plug","コンセント","宝","抜けたまま火花を散らすコンセント。濡れた敵に当てると特に危ない。","6","18","860","none","enemy:shock_wet:1:4;area:conduct_water_puddle:1:4;terrain:dig:1:0","5","thunder","1","45","0.18","186","0","outward","treasure,metal,thunder,small,mechanical,contact_damage","敵に雷ダメージ（攻撃力5）｜水濡れ敵だけ感電させる（4秒）｜感電した敵に触れたキャラも感電する（4秒）｜水たまりに伝導する｜土を掘れる（掘削力1）","","","","","","","","","","","","11","","13","13","11","15","10","7","7","4","2","2","1","","","","","","","","","","","","","","","","","","","","","","","","","","","","","",""
"treasure_glue_bottle","接着剤のビン","宝","強力な接着剤のビン。割れると足元にまとわりつき、敵の移動を鈍らせる。","4","8","420","none","enemy:status_glued:0.45:6;item:break_glass_shards:1:0;terrain:dig:1:0","2","blunt","1","12","0.3","187","0","outward","treasure,glass,fragile,small,vessel,bottle,glue,contact_damage","敵に打撃ダメージ（攻撃力2）｜割れて敵を接着状態にする（6秒）｜壊れるとガラス片が散る｜土を掘れる（掘削力1）","","","8","","10","10","12","14","9","8","6","3","3","2","1","","","","","","","","","","","","","","","","","","","","","","","","","","","","","","","","","","","","","","",""
"treasure_candle","ろうそく","宝","小さなろうそく。松明ほど頼れないが、暗い場所ではないよりまし。","2","2","160","none","area:light:3:0","2","fire","0","20","0.12","188","0","fixed","treasure,fire,light_source,small,wax,contact_damage","敵に火ダメージ（攻撃力2）｜周囲を少し照らす","15","12","7","15","9","4","7","4","2","","","","","","","","","","","","","","","","","","","","","","","","","","","","","","","","","","","","","","","","","","","","",""
"treasure_wind_chime","風鈴","宝","涼しげな音を鳴らすガラスの風鈴。ぶつかった瞬間だけ場違いな音が響く。","3","5","320","none","orbit:hit_sound:3:0;item:break_glass_shards:1:0;terrain:dig:1:0","2","magic","1","9","0.12","189","0","fixed","treasure,glass,fragile,noisy,small,contact_damage,hollow,resonant","敵に魔法ダメージ（攻撃力2）｜当たると専用の音が鳴る｜壊れるとガラス片が散る｜土を掘れる（掘削力1）","","10","9","13","13","8","13","10","5","3","2","1","","","","","","","","","","","","","","","","","","","","","","","","","","","","","","","","","","","","","","","","","",""
"treasure_rotten_meat","腐った肉","宝","ひどい匂いの肉片。リングに入れていると、うじウジが寄ってきやすくなる。","3","4","230","none","ring:spawn_bias_maggot:1.6:0","2","blunt","0","13","0.25","190","0","fixed","treasure,food,small,meat,smelly,contact_damage","敵に打撃ダメージ（攻撃力2）｜リングに入れていると、うじウジ系が出現しやすくなる","","11","9","14","12","7","11","8","4","2","1","","","","","","","","","","","","","","","","","","","","","","","","","","","","","","","","","","","","","","","","","","",""
"treasure_magic_incense","魔力のお香","宝","甘い魔力を含んだお香。リングに入れていると、ゴースト系が漂ってきやすくなる。","5","18","820","none","ring:spawn_bias_ghost:1.5:0;area:light:2:0","3","magic","0","30","0.2","191","0","fixed","treasure,magic,small,incense,contact_damage","敵に魔法ダメージ（攻撃力3）｜リングに入れていると、ゴースト系が出現しやすくなる｜周囲をかすかに照らす","","","","","","","","","","","","10","","13","11","12","14","9","7","7","3","2","2","1","","","","","","","","","","","","","","","","","","","","","","","","","","","","","",""
"item_staff_apprentice_witch","見習い魔女の杖","杖","見習い魔女が扱いやすいように作られた、軽く素直な杖。","1","1","200","equip_all:[ring_speed_mul,ring_radius_mul]:[1.04,1.04]:0","none","2","magic","1","120","0.7","1001","-25","outward","staff,equipment_staff,wand,wood","敵に魔法ダメージ（攻撃力2）｜装備中:全リング速度+4%｜装備中:全リング半径+4%","31","38","30","24","24","16","10","9","6","","","","","","","","","","","","","","","","","","","","","","","","","","","","","","","","","","","","","","","","","","","","",""
"item_staff_starlight","星灯りの杖","杖","先端に小さな星灯りをともす杖。暗い坑道で頼りになる。","2","3","320","equip_all:light_radius_mul:1.20:0","area:light:2:0","3","magic","0","115","0.6","1002","-25","outward","staff,equipment_staff,wand,wood,light_source","敵に魔法ダメージ（攻撃力3）｜装備中:光源範囲+20%｜リング搭載時:弱い光源になる","22","41","44","28","38","30","18","19","14","2","2","1","","","","","","","","","","","","","","","","","","","","","","","","","","","","","","","","","","","","","","","","","",""
"item_staff_moon","ムーンスタッフ","杖","月の輪のように、スペルリングを少し大きく広げる杖。","3","5","450","equip_all:ring_radius_mul:1.10:0","orbit:orbit_antigravity:1.08:0","4","magic","1","130","0.9","1003","-25","outward","staff,equipment_staff,standard_staff,wood","敵に魔法ダメージ（攻撃力4）｜装備中:全リング半径+10%｜リング搭載時:軌道が少し外へ広がる","","34","53","24","45","47","24","34","28","5","6","5","1","1","1","","","","","","","","","","","","","","","","","","","","","","","","","","","","","","","","","","","","","","",""
"item_staff_breeze_wand","ブリーズワンド","杖","軽い風をまとい、リングの回転を速める小杖。","3","5","460","equip_all:ring_speed_mul:1.10:0","orbit:orbit_speed:1.07:0","4","wind","0","125","0.5","1004","-25","outward","staff,equipment_staff,wand,wood,wind","敵に風ダメージ（攻撃力4）｜装備中:全リング速度+10%｜リング搭載時:軌道速度+7%","","34","53","24","45","47","24","34","28","5","6","5","1","1","1","","","","","","","","","","","","","","","","","","","","","","","","","","","","","","","","","","","","","","",""
"item_staff_lift","リフトスタッフ","杖","重い道具を少しだけ持ち上げ、リングに乗せやすくする杖。","3","7","510","equip_all:ring_weight_limit_add:2.0:0","orbit:orbit_gravity:0.94:0","4","magic","0","150","1.1","1005","-25","outward","staff,equipment_staff,standard_staff,wood","敵に魔法ダメージ（攻撃力4）｜装備中:全リング重量上限+2.0kg｜リング搭載時:軌道が少しまとまる","","","47","","40","53","26","44","41","12","15","11","3","4","3","","","","","","","","","","","","","","","","","","","","","","","","","","","","","","","","","","","","","","",""
"item_staff_earth","大地の杖","杖","地面の割れ目を読み、掘る手つきを助ける古い杖。","3","6","510","equip_all:[dig_power_mul,ring_shift_distance_mul]:[1.10,1.05]:0","terrain:dig:4:0","4","earth","4","155","1","1006","-25","outward","staff,equipment_staff,standard_staff,wood,earth,dig_tool","敵に土ダメージ（攻撃力4）｜装備中:掘削力+10%｜装備中:リングずらし距離+5%｜リング搭載時:掘削補助","","","51","21","44","51","26","40","35","8","10","8","2","2","1","","","","","","","","","","","","","","","","","","","","","","","","","","","","","","","","","","","","","","",""
"item_staff_scrap_iron","廃鉄スタッフ","杖","魔導廃棄層で組み直された、重い道具を支える鉄混じりの杖。","4","12","810","equip_all:ring_weight_limit_add:3.0:0","orbit:orbit_power:1.08:0","7","blunt","1","175","1.6","1007","-25","outward","staff,equipment_staff,standard_staff,metal,heavy,contact_damage","敵に打撃ダメージ（攻撃力7）｜装備中:全リング重量上限+3.0kg｜リング搭載時:軌道出力+8%","","","","","","39","","","58","24","47","47","19","29","24","7","10","9","1","1","1","","","","","","","","","","","","","","","","","","","","","","","","","","","","","","","","",""
"item_staff_magnetic","磁力の杖","杖","金属の道具を引き寄せ、重さの扱いを少し楽にする杖。","4","13","850","equip_all:metal_weight_penalty_mul:0.70:0","orbit:orbit_gravity:0.90:0","5","thunder","0","160","1","1008","-25","outward","staff,equipment_staff,standard_staff,metal,thunder","敵に雷ダメージ（攻撃力5）｜装備中:金属系アイテムの重量ペナルティ軽減｜リング搭載時:軌道がまとまる","","","","","","","","","53","22","48","53","22","36","32","11","16","13","1","2","2","","","","","","","","","","","","","","","","","","","","","","","","","","","","","","","","",""
"item_staff_reflect_rod","リフレクトロッド","杖","弾き返したものに、もう一度だけ勢いを乗せる反射杖。","5","15","1010","equip_all:[reflect_power_mul,reflect_chance_add]:[1.20,5]:0","projectile:reflect_physical_chance:15:0","5","magic","0","155","0.9","1009","-25","outward","staff,equipment_staff,rod,magic,projectile_counter","敵に魔法ダメージ（攻撃力5）｜装備中:反射弾威力+20%｜装備中:反射確率+5%｜リング搭載時:低確率で物理弾を反射","","","","","","","","","44","","45","68","21","49","52","17","31","27","4","7","6","1","1","1","","","","","","","","","","","","","","","","","","","","","","","","","","","","","",""
"item_staff_shield_star_rod","盾星のロッド","杖","小さな盾星を散らし、防御道具の守りを広げるロッド。","5","15","1050","equip_all:guard_area_mul:1.15:0","projectile:guard:1:0","5","magic","0","180","1.2","1010","-25","outward","staff,equipment_staff,rod,magic,shield,guard_projectile","敵に魔法ダメージ（攻撃力5）｜装備中:防御系判定+15%｜リング搭載時:弾を防ぐ","","","","","","","","","44","","45","68","21","49","52","17","31","27","4","7","6","1","1","1","","","","","","","","","","","","","","","","","","","","","","","","","","","","","",""
"item_staff_eight_rod","エイトロッド","杖","8の字軌道に魔力を通し、第二リングを大きく強めるロッド。","6","17","1270","equip_ring2:[ring_speed_mul,ring_radius_mul,ring_weight_limit_add]:[1.22,1.12,2.0]:0","orbit:[orbit_speed,orbit_power]:[1.08,1.04]:0","6","magic","0","175","0.8","1011","-25","outward","staff,equipment_staff,rod,ring2_focus,magic","敵に魔法ダメージ（攻撃力6）｜装備中:リング2速度+22%｜装備中:リング2半径+12%｜装備中:リング2重量上限+2.0kg｜リング搭載時:軌道速度+8%","","","","","","","","","","","","72","15","52","72","19","47","48","9","17","16","2","4","4","","","1","","","","","","","","","","","","","","","","","","","","","","","","","","",""
"item_staff_waste_lamp","廃灯のスタッフ","杖","燃え尽きない廃灯を先端につけた、防御寄りの重いスタッフ。","6","18","1350","equip_ring2:[ring_weight_limit_add,guard_area_mul,light_radius_mul,ring_speed_mul]:[5.0,1.15,1.15,0.97]:0","area:light:3:0;projectile:guard:1:0","8","magic","0","220","1.8","1012","-25","outward","staff,equipment_staff,standard_staff,ring2_focus,light_source,shield,guard_projectile,heavy","敵に魔法ダメージ（攻撃力8）｜装備中:リング2重量上限+5.0kg｜装備中:リング2防御判定+15%｜装備中:リング2光源範囲+15%｜装備中:リング2速度-3%｜リング搭載時:光源兼ガード","","","","","","","","","","","","66","","47","75","19","52","58","12","25","22","4","7","7","1","1","1","","1","","","","","","","","","","","","","","","","","","","","","","","","",""
"item_staff_star_reader_great","星詠みの大杖","杖","星の流れを読む大杖。隠れた宝や危険の気配を拾いやすい。","6","23","1650","equip_all:[detect_range_mul,light_radius_mul]:[1.25,1.15]:0","area:[detect_treasure,light]:[6,3]:0","6","magic","0","200","1.4","1013","-25","outward","staff,equipment_staff,great_staff,hidden_detector,treasure_detector,light_source","敵に魔法ダメージ（攻撃力6）｜装備中:探知範囲+25%｜装備中:光源範囲+15%｜リング搭載時:宝探知と光源","","","","","","","","","","","","","","","48","","","72","18","54","66","18","41","39","9","17","16","6","12","10","6","11","9","5","10","8","5","9","7","4","8","7","4","7","6","3","6","5","3","5","4","2","4","3"
"item_staff_gravity","グラビティスタッフ","杖","リング上の道具を落ち着かせ、重い構成を安定させる杖。","6","24","1650","equip_all:[ring_weight_limit_add,ring_anchor_mul]:[2.0,1.12]:0","orbit:orbit_gravity:0.88:0","9","magic","0","220","1.6","1014","-25","outward","staff,equipment_staff,standard_staff,heavy,magic","敵に魔法ダメージ（攻撃力9）｜装備中:全リング重量上限+2.0kg｜装備中:軌道安定+12%｜リング搭載時:軌道が強くまとまる","","","","","","","","","","","","","","","","","","66","15","52","72","19","47","48","12","25","22","9","18","15","8","16","13","8","15","12","7","13","11","6","12","10","5","10","9","5","9","7","4","7","6","3","6","5"
"item_staff_wing","ウィングスタッフ","杖","羽のようにリングを広げ、投げたリングの戻りも少し軽くする杖。","7","25","1800","equip_all:[ring_radius_mul,ring_return_speed_mul]:[1.16,1.10]:0","orbit:orbit_antigravity:1.12:0","7","wind","0","185","0.8","1015","-25","outward","staff,equipment_staff,standard_staff,wind","敵に風ダメージ（攻撃力7）｜装備中:全リング半径+16%｜装備中:リング戻り速度+10%｜リング搭載時:軌道が外へ広がる","","","","","","","","","","","","","","","","","","63","","50","82","17","55","63","13","34","33","11","26","23","10","24","21","9","22","19","8","20","17","7","18","15","6","15","13","5","13","11","5","11","10","4","9","8"
"item_staff_comet_rod","彗星のロッド","杖","リング投げに強い推進力を与えるロッド。外すと少し隙ができる。","7","27","1960","equip_all:[ring_throw_distance_mul,ring_throw_speed_mul,ring_throw_cooldown_mul]:[1.30,1.20,1.08]:0","orbit:[damage_speed,orbit_speed]:[1.10,1.05]:0","7","magic","0","200","1","1016","-25","forward","staff,equipment_staff,rod,magic","敵に魔法ダメージ（攻撃力7）｜装備中:リング投げ距離+30%｜装備中:リング投げ速度+20%｜装備中:リング投げクールダウン+8%｜リング搭載時:速度依存ダメージ補正","","","","","","","","","","","","","","","","","","","","","78","13","55","78","17","50","53","16","44","40","15","40","37","13","36","33","12","33","30","11","29","27","9","25","23","8","22","20","7","18","17","5","15","13"
"item_staff_meteor_wand","メテオワンド","杖","第三リングを決戦用の流星軌道へ近づける強力なワンド。","8","29","2310","equip_ring3:[ring_speed_mul,ring_radius_mul,ring_throw_distance_mul,ring_output_mul]:[1.18,1.18,1.25,1.08]:0","orbit:[orbit_power,damage_speed]:[1.08,1.08]:0","8","magic","0","215","0.9","1017","-25","forward","staff,equipment_staff,wand,ring3_focus,magic","敵に魔法ダメージ（攻撃力8）｜装備中:リング3速度+18%｜装備中:リング3半径+18%｜装備中:リング3投げ距離+25%｜装備中:リング3出力+8%｜リング搭載時:高威力","","","","","","","","","","","","","","","","","","","","","69","","45","89","13","59","78","15","59","64","14","54","59","12","49","54","11","44","48","10","39","43","9","34","38","7","29","32","6","24","27","5","20","21"
"item_staff_first_star","始まりの星杖","杖","最初のリングにだけ強く反応する、原点回帰の星杖。","7","26","2020","equip_ring1:[ring_speed_mul,ring_radius_mul,ring_weight_limit_add]:[1.12,1.12,2.0]:0","orbit:[orbit_speed,orbit_power]:[1.05,1.05]:0","7","magic","1","200","1","1018","-25","outward","staff,equipment_staff,standard_staff,ring1_focus,magic","敵に魔法ダメージ（攻撃力7）｜装備中:リング1速度+12%｜装備中:リング1半径+12%｜装備中:リング1重量上限+2.0kg｜リング搭載時:軌道速度と出力を少し強化","","","","","","","","","","","","","","","","","","53","","43","82","16","57","72","16","43","43","14","35","31","12","32","28","11","29","26","10","26","23","9","23","21","8","20","18","7","18","15","6","15","13","5","12","10"
"item_staff_monica_observation","モニカの観測ワンド","杖","モニカが観測用に調整したワンド。危険と宝の気配を読みやすい。","6","18","0","equip_all:[detect_range_mul,danger_hint_level,light_radius_mul]:[1.25,1.0,1.10]:0","area:[detect_treasure,light]:[5,2]:0","5","magic","0","170","0.7","1019","-25","outward","staff,equipment_staff,wand,event_reward,hidden_detector,treasure_detector,light_source","敵に魔法ダメージ（攻撃力5）｜装備中:探知範囲+25%｜装備中:危険予兆が見やすい｜装備中:光源範囲+10%｜リング搭載時:探知と弱い光源","","","","","","","","","","","","","","","","","","","","","","","","","","","","","","","","","","","","","","","","","","","","","","","","","","","","","",""
"item_staff_paula_price","ポーラの値札スタッフ","杖","商人ポーラが値札を結びつけたスタッフ。宝の価値に敏感。","6","18","0","equip_all:[sell_price_mul,money_visible_level]:[1.10,1.0]:0","enemy:coin_drop_chance:5:0","5","magic","0","150","0.8","1020","-25","outward","staff,equipment_staff,standard_staff,event_reward,money","敵に魔法ダメージ（攻撃力5）｜装備中:売却価格+10%｜装備中:お金を見つけやすい｜リング搭載時:敵に当てると低確率で小銭追加","","","","","","","","","","","","","","","","","","","","","","","","","","","","","","","","","","","","","","","","","","","","","","","","","","","","","",""
"item_staff_ines_repair","イネスの補修ロッド","杖","加工職人イネスが補修術式を仕込んだロッド。道具を長持ちさせる。","6","18","0","equip_all:durability_cost_mul:0.80:0","projectile:guard:1:0","6","magic","0","230","1.1","1021","-25","outward","staff,equipment_staff,rod,event_reward,shield,guard_projectile","敵に魔法ダメージ（攻撃力6）｜装備中:リング搭載アイテムの耐久消費-20%｜リング搭載時:高耐久の防御棒","","","","","","","","","","","","","","","","","","","","","","","","","","","","","","","","","","","","","","","","","","","","","","","","","","","","","",""
"item_staff_astral_wand","アストラルワンド","杖","星間廃坑の奥で見つかる、探索に特化した星間のワンド。","9","55","4570","equip_all:[ring_radius_mul,light_radius_mul,detect_range_mul]:[1.20,1.25,1.20]:0","area:[light,detect_treasure]:[6,6]:0","9","magic","0","230","1","1022","-25","outward","staff,equipment_staff,wand,rogue_only,light_source,treasure_detector","敵に魔法ダメージ（攻撃力9）｜装備中:全リング半径+20%｜装備中:光源範囲+25%｜装備中:探知範囲+20%｜リング搭載時:強い光源と宝探知","","","","","","","","","","","","","","","","","","","","","","","","","","","","","","","","","","","","","","","37","","","90","","63","90","11","81","90","7","38","53","1","4","5"
"item_staff_dragon_throat","竜喉のスタッフ","杖","星脈竜の咆哮のような魔力を宿す、戦闘特化のスタッフ。","10","60","5860","equip_all:[ring_output_mul,ring_damage_speed_mul]:[1.18,1.15]:0","orbit:[orbit_power,damage_speed]:[1.18,1.15]:0","15","magic","0","270","2","1023","-25","forward","staff,equipment_staff,standard_staff,rogue_only,heavy,magic","敵に魔法ダメージ（攻撃力15）｜装備中:全リング出力+18%｜装備中:速度依存ダメージ補正+15%｜リング搭載時:高攻撃・高出力","","","","","","","","","","","","","","","","","","","","","","","","","","","","","","","","","","","","","","","","","","","","","90","","53","90","8","88","90","6","40","57"
"item_staff_guardian_star_great","守護星の大杖","杖","守護星の光に近い、守りと重量制御に優れた最深層の大杖。","10","62","6480","equip_all:[ring_weight_limit_add,guard_area_mul,ring_radius_mul,light_radius_mul]:[5.0,1.15,1.10,1.20]:0","area:light:5:0;projectile:guard:1:0;orbit:orbit_gravity:0.90:0","12","magic","1","310","2.2","1024","-25","outward","staff,equipment_staff,great_staff,rogue_only,light_source,shield,guard_projectile,heavy","敵に魔法ダメージ（攻撃力12）｜装備中:全リング重量上限+5.0kg｜装備中:防御系判定+15%｜装備中:全リング半径+10%｜装備中:光源範囲+20%｜リング搭載時:光源兼ガード","","","","","","","","","","","","","","","","","","","","","","","","","","","","","","","","","","","","","","","","","","","","","57","","","90","","77","90","8","66","90"
"item_capture_net","虫とりアミ","探索","リングに乗せて敵に当てると捕獲を試みるアミ。判定ごとに耐久を消費する。","1","1","130","none","enemy:capture_net:1.00:0.75","0","none","0","20","0.8","193","-25","outward","mesh,wood,medium","リング接触時、敵の捕獲を試みる｜判定時に耐久を1消費","61","36","14","48","23","7","19","8","3","1","","","","","","","","","","","","","","","","","","","","","","","","","","","","","","","","","","","","","","","","","","","",""
"item_super_capture_net","スーパー虫とりアミ","探索","丈夫で目の細かい捕獲用のアミ。普通のアミより捕獲しやすく、再判定も少し早い。","4","13","460","none","enemy:capture_net:1.35:0.60","0","none","0","40","0.9","194","-25","outward","mesh,wood,medium","リング接触時、敵の捕獲を試みる｜捕獲率上昇｜判定時に耐久を1消費","","","","","","","","","24","44","45","24","44","34","15","22","15","6","3","2","1","","","","","","","","","","","","","","","","","","","","","","","","","","","","","","","","",""
"item_hyper_capture_net","ハイパー虫とりアミ","探索","軽くて強い最高級の捕獲用アミ。捕獲しやすく、短い間隔で再判定できる。","8","25","970","none","enemy:capture_net:1.80:0.50","0","none","0","65","1","195","-25","outward","mesh,wood,medium","リング接触時、敵の捕獲を試みる｜捕獲率大きく上昇｜再判定が早い｜判定時に耐久を1消費","","","","","","","","","","","","","","","","","","32","","49","41","29","54","32","23","34","16","19","26","11","17","24","10","16","22","10","14","20","9","12","17","8","11","15","7","9","13","6","8","11","5","6","9","4"
"item_mineuchi_sword","みねうちの剣","武器","剣の先が峰になっている斬新な剣。敵に小ダメージを与えるが、とどめを刺さない。","2","4","280","none","enemy:nonlethal_hit:1:0","6","blunt","1","75","1.3","192","-25","outward","weapon,metal,blade,medium","敵に打撃ダメージ（攻撃力6）｜敵にとどめを刺さない","","56","51","55","62","39","44","39","20","6","5","3","1","1","","","","","","","","","","","","","","","","","","","","","","","","","","","","","","","","","","","","","","","",""
"item_magnifying_glass","虫眼鏡","探索","小さなものを大きく見るための道具。リングに乗せて敵に当てると、モンスターの詳細を記録できる。","1","2","130","none","enemy:inspect_enemy:1.00:0.75","0","none","0","30","0.4","196","0","outward","glass,metal,fragile,small","リング接触時、モンスターの詳細を記録する","57","37","16","57","28","9","28","12","4","2","1","","","","","","","","","","","","","","","","","","","","","","","","","","","","","","","","","","","","","","","","","","",""